,Media Source,Date,Text,Compound,Positive,Neutral,Negative,Tweet Count
0,BBC,Sun Mar 11 17:02:03 +0000 2018,üêë Ewe won't believe how this farmer revives frozen little lambs.  https://t.co/z1UvoIiRXY,0.3818,0.206,0.794,0.0,1
1,BBC,Sun Mar 11 16:55:19 +0000 2018,"RT @BBCMOTD: John Motson in his element during his last ever LIVE commentary (would you believe it?!)
50 years as a commentatorüéô
10 World C‚Ä¶",0.0,0.0,1.0,0.0,2
2,BBC,Sun Mar 11 16:00:04 +0000 2018,"By 2050, 30-50% of all species could be heading towards extinction. https://t.co/2TYrhIiBIw",0.0,0.0,1.0,0.0,3
3,BBC,Sun Mar 11 15:01:05 +0000 2018,üóëüöÄ Tomorrow‚Äôs space scientists will have to deal with a monumental amount of space junk left from previous spacecra‚Ä¶ https://t.co/IJTpc5TBsd,0.0,0.0,1.0,0.0,4
4,BBC,Sun Mar 11 14:43:09 +0000 2018,"RT @5liveSport: For the final time...

The legendary John Motson is in our commentary box üéôÔ∏è‚öΩÔ∏è

He'll be commentating on #Arsenal vs #Watfo‚Ä¶",0.0,0.0,1.0,0.0,5
5,BBC,Sun Mar 11 14:00:04 +0000 2018,Making fake videos just got easier. https://t.co/VSP9bwHVNZ,-0.0772,0.257,0.459,0.284,6
6,BBC,Sun Mar 11 12:33:04 +0000 2018,"Captain America teams up with Black Widow to get to the bottom of a conspiracy. üî•üí™üá∫üá∏

Captain America: The Winter S‚Ä¶ https://t.co/yDWYJRUgGi",-0.5267,0.0,0.855,0.145,7
7,BBC,Sun Mar 11 12:00:03 +0000 2018,üöê Meet Om Abdullah - Egypt's first official female minibus driver. https://t.co/Z4fmE1k5ph,0.0,0.0,1.0,0.0,8
8,BBC,Sun Mar 11 11:31:52 +0000 2018,"RT @BBCSport: We're not emotionally ready for this.

John Motson will deliver his final live BBC commentary today.

More detailsüëá
https://t‚Ä¶",-0.2755,0.0,0.905,0.095,9
9,BBC,Sun Mar 11 11:10:49 +0000 2018,"RT @CBeebiesHQ: Doesn't matter if your family has:

One Mumüë©‚Äçüë¶

Two Mums üë©‚Äçüë©‚Äçüëß‚Äçüëß

A Grandmum üëµüèº

... they all want a lie-in!

#HappyMothers‚Ä¶",0.1326,0.073,0.877,0.05,10
10,BBC,Sun Mar 11 10:32:04 +0000 2018,"üç∞ Surprise your mum with a homemade treat this #MothersDay ‚Äì from easy cupcakes to luscious layer cakes.
üëâ‚Ä¶ https://t.co/p7n5lo2ziD",0.7717,0.355,0.645,0.0,11
11,BBC,Sun Mar 11 10:24:05 +0000 2018,"RT @BBCScotland: Undercover filming reveals Scotland's growing 'bag' problem.

See more from #ShortStuff -  https://t.co/orhxUmskEd 

#come‚Ä¶",-0.25,0.098,0.747,0.155,12
12,BBC,Sun Mar 11 10:05:01 +0000 2018,üê∑ Blossom the pig can sit on command! https://t.co/mRGtuk0zqh,0.0,0.0,1.0,0.0,13
13,BBC,Sun Mar 11 10:02:15 +0000 2018,"RT @BBC6Music: üéÇ 6 Music launched 16 years ago today. 

When you turned 16, which album did you think was a masterpiece? Do you still love‚Ä¶",0.6808,0.211,0.789,0.0,14
14,BBC,Sun Mar 11 09:38:23 +0000 2018,"RT @1Xtra: The new breed a dancehall artist @thebellablair performs for @davidrodigan #1XtraJamaica 

üì∫‚ñ∂ https://t.co/MrnHDz2ZyL https://t.‚Ä¶",0.0,0.0,1.0,0.0,15
15,BBC,Sun Mar 11 09:35:38 +0000 2018,"RT @BBCRadio3: ""To my first Love, my Mother, on whose knee
I learnt love-lore that is not troublesome""
Christina Rossetti's 'Sonnets are fu‚Ä¶",0.7847,0.257,0.743,0.0,16
16,BBC,Sun Mar 11 09:33:16 +0000 2018,RT @TWBBC: Fry-up anyone?  üå≠ü•ìüç≥ Did you know just 1.5 sausages could reduce your lifespan by 30 minutes? But 2-3 cups of coffee could gain y‚Ä¶,0.5803,0.131,0.869,0.0,17
17,BBC,Sun Mar 11 09:30:10 +0000 2018,During the Middle Ages the custom developed of allowing people who had moved away to return and visit their mothers‚Ä¶ https://t.co/UQD2ySeRH4,0.0,0.0,1.0,0.0,18
18,BBC,Sun Mar 11 08:32:02 +0000 2018,üé§üé∂ Singing is for everyone... even if you can't sing. https://t.co/eVIdGhswUT,0.0,0.0,1.0,0.0,19
19,BBC,Sun Mar 11 08:02:00 +0000 2018,"‚ù§Ô∏è Happy #MothersDay to all of the amazing mums out there, the mums-to-be and the mums who live on in our hearts.‚Ä¶ https://t.co/v9yrzvfhqO",0.8176,0.263,0.737,0.0,20
20,BBC,Sun Mar 11 08:00:48 +0000 2018,"RT @BBCWales: üíê What better way to say Happy Mother's Day than with a marvellous marshmallow bouquet! üíê

üç° Let little hands tackle this tas‚Ä¶",0.784,0.266,0.734,0.0,21
21,BBC,Sun Mar 11 07:49:57 +0000 2018,RT @BBCTwo: Celebrate #MothersDay with the #Motherland guide to good parenting... üòÇ https://t.co/GMZLEfWuaF,0.765,0.398,0.602,0.0,22
22,BBC,Sun Mar 11 02:07:01 +0000 2018,"RT @bbcasiannetwork: üéáThe Desi party don't start until you've heard @jennyjohalmusic singing 'Narma'  üéá 
#AsianNetworkLive https://t.co/lah‚Ä¶",0.4019,0.162,0.838,0.0,23
23,BBC,Sat Mar 10 20:43:01 +0000 2018,"RT @BBCRadio2: She did it! Over 300 miles cycled. Over ¬£500,000 raised so far for @SportRelief.

@ZoeTheBall, we are so proud! üëè

Donate to‚Ä¶",0.6783,0.172,0.828,0.0,24
24,BBC,Sat Mar 10 20:41:35 +0000 2018,"RT @BBCTwo: A shocking moment in history that changed the fashion world forever.

#ACSVersace continues Wednesday, 9pm, @BBCTwo. https://t.‚Ä¶",-0.4019,0.0,0.863,0.137,25
25,BBC,Sat Mar 10 20:40:14 +0000 2018,"RT @BBCWales: Meet YouTube superstar @Gonth93

üí∞ Welcome to the world of #YoungWelshPrettyMinted üí∞

Tonight, 10.35pm - @BBCOne Wales
Availa‚Ä¶",0.4588,0.158,0.842,0.0,26
26,BBC,Sat Mar 10 20:28:00 +0000 2018,"RT @bbcrb: This. Is. So. Cute! üòç
Who wouldn't love a tiny meal like this! ü§§ü•ò https://t.co/73t4rhbopo",0.4605,0.293,0.552,0.155,27
27,BBC,Sat Mar 10 20:27:17 +0000 2018,"RT @BBCScotland: Cathy's been having a great time at the spa! üáßüá∑

Watch #TwoDoorsDown on @BBCiPlayer - https://t.co/JgbkHFXufb https://t.co‚Ä¶",0.6588,0.215,0.785,0.0,28
28,BBC,Sat Mar 10 20:25:58 +0000 2018,"RT @bbcasiannetwork: üé§ Don't miss a single bit of #AsianNetworkLiveüé∂ 
Here's how to make sure you catch ALL the action üëâ¬†https://t.co/AZIif‚Ä¶",0.4106,0.18,0.82,0.0,29
29,BBC,Sat Mar 10 20:24:22 +0000 2018,RT @BBCiPlayer: Police officer Kris was left paralysed after being hit by a van in the Westminster bridge terrorist attack. Seven months la‚Ä¶,-0.8316,0.0,0.719,0.281,30
30,BBC,Sat Mar 10 20:24:07 +0000 2018,"RT @BBCSport: Ireland have been crowned Six Nations champions with a match to spare.

https://t.co/YFyOxSY0Tp #SixNations https://t.co/K34r‚Ä¶",0.5267,0.185,0.815,0.0,31
31,BBC,Sat Mar 10 18:11:11 +0000 2018,"RT @bbcasiannetwork: üí•#AsianNetworkLive is taking over the airwaves tonight!
Catch all the action from
üî¥ 6pm on @bbcasiannetwork
üî¥ 7pm on @‚Ä¶",0.0,0.0,1.0,0.0,32
32,BBC,Sat Mar 10 18:10:57 +0000 2018,"RT @bbcasiannetwork: Which #AsianNetworkLive performance can't you wait for? ü§© 
üé§ @jaysean
üé§ @JasmineSandlas
üé§ @lottoboyzz_
üé§ @omgAdamSaleh‚Ä¶",0.0,0.0,1.0,0.0,33
33,BBC,Sat Mar 10 18:00:13 +0000 2018,üêÆü•õ Glass from the past. https://t.co/stRtHiAGGI,0.0,0.0,1.0,0.0,34
34,BBC,Sat Mar 10 17:00:18 +0000 2018,"üì∏‚ù§Ô∏è A different portrait of black fatherhood. 
üëâ https://t.co/SX1Lbqsss0 https://t.co/WQnNbAfIYK",0.0,0.0,1.0,0.0,35
35,BBC,Sat Mar 10 16:30:07 +0000 2018,Have we got depression wrong? https://t.co/yFPp67xmxe,-0.7783,0.0,0.37,0.63,36
36,BBC,Sat Mar 10 15:59:11 +0000 2018,"RT @mixital: Enjoying @BBCOne‚Äôs Troy? 

Join our new creative challenge &amp; create your own #Troy art! Grab images from our website, make the‚Ä¶",0.8805,0.404,0.596,0.0,37
37,BBC,Sat Mar 10 15:53:39 +0000 2018,"RT @BBCWales: 'Feel the fear and do it anyway'

That's Dilys's motto, and she's the @GWR holder for the Oldest Woman Skydiver in the world!‚Ä¶",-0.5411,0.0,0.873,0.127,38
38,BBC,Sat Mar 10 15:32:03 +0000 2018,"ü§ñüò± The robots are coming! 

And this time they want to design and assemble your furniture. üòÑ https://t.co/naCu7LJ0Mf",0.1511,0.09,0.91,0.0,39
39,BBC,Sat Mar 10 15:00:05 +0000 2018,‚ù§Ô∏èüêø The pine marten has emerged as an unlikely ally for the beleaguered native red squirrel in its battle with the‚Ä¶ https://t.co/aaJ1XuLJ78,-0.3818,0.0,0.89,0.11,40
40,BBC,Sat Mar 10 14:00:08 +0000 2018,üç¥ Do you know how many calories were in your lunch?https://t.co/ouomQAA92I,0.0,0.0,1.0,0.0,41
41,BBC,Sat Mar 10 13:14:03 +0000 2018,"Hindered by short-term memory loss, a man struggles to piece his life back together after his wife's murder.‚Ä¶ https://t.co/IDASykaROO",-0.5859,0.0,0.769,0.231,42
42,BBC,Sat Mar 10 13:00:04 +0000 2018,"Heartbreaking. 
https://t.co/W8GJNKq8rm",-0.4588,0.0,0.25,0.75,43
43,BBC,Sat Mar 10 13:00:03 +0000 2018,üòÇüî• @GordonRamsay's daughter got him good! https://t.co/0dqwntX5uj,0.4926,0.347,0.653,0.0,44
44,BBC,Sat Mar 10 13:00:03 +0000 2018,"‚ù§Ô∏èüò≠ We're not crying... you're crying. 
#TheSilentChild #Oscars https://t.co/ienD3dDtKX",0.3724,0.242,0.758,0.0,45
45,BBC,Sat Mar 10 13:00:03 +0000 2018,üò± Baptism at this church can be a matter of life and death. https://t.co/aEsVqMUPQ2,-0.5859,0.073,0.667,0.26,46
46,BBC,Sat Mar 10 12:00:04 +0000 2018,Don't look down! üò£ https://t.co/r4ChPajO4A,0.0,0.0,1.0,0.0,47
47,BBC,Sat Mar 10 11:59:24 +0000 2018,"RT @BBCRadioWales: ""The pain is so severe it feels like my body wants to explode."" 

#Endometriosis is as common as asthma but it takes, on‚Ä¶",-0.3284,0.063,0.79,0.147,48
48,BBC,Sat Mar 10 11:58:56 +0000 2018,"RT @BBCSpringwatch: We LOVE hedgehogs, but over the last decade we have lost over 40% of our prickly neighbours üòû Billy's here to give us a‚Ä¶",-0.3256,0.098,0.727,0.175,49
49,BBC,Sat Mar 10 11:46:40 +0000 2018,"RT @bbcasiannetwork: üíÉüï∫ #AsianNetworkLive is TONIGHT! We are so excited!üíÉüï∫ 
üìª Broadcasting live from ‚ú®6pm‚ú® on Asian Network and 
‚ú®7pm‚ú® on @‚Ä¶",0.0,0.0,1.0,0.0,50
50,BBC,Sat Mar 10 11:44:35 +0000 2018,RT @BBCAfrica: Could Nigeria's animation houses become as big as Nollywood? #Nigeria #Animation #Yoruba #Lagos #cartoons https://t.co/3Htr9‚Ä¶,0.0,0.0,1.0,0.0,51
51,BBC,Sat Mar 10 11:43:36 +0000 2018,RT @bbcthree: This woman is leading the #disabilibabe movement https://t.co/FlgCordJaC,0.0,0.0,1.0,0.0,52
52,BBC,Sat Mar 10 11:43:31 +0000 2018,RT @BBCArchive: #OnThisDay 1977: Still searching for the perfect Mother's Day present? We humbly suggest a homemade thermodynamicizer - jus‚Ä¶,0.5719,0.179,0.821,0.0,53
53,BBC,Sat Mar 10 11:43:23 +0000 2018,"RT @bbcthesocial: Greg is 23 years old and a world piping champion. #IntoIt

Happy International Bagpipe Day! https://t.co/74f3USdg3H",0.8356,0.345,0.655,0.0,54
54,BBC,Sat Mar 10 10:56:03 +0000 2018,"From boar hair toothbrushes to beeswax food wrap, here's how you can dump the disposable plastics ‚úÖ‚Ä¶ https://t.co/ydpoHWlJxA",-0.3818,0.0,0.867,0.133,55
55,BBC,Sat Mar 10 10:00:03 +0000 2018,"How is plastic affecting seabirds? 
#OurBluePlanet #BluePlanet2 https://t.co/bcvGKZjsJF",0.0,0.0,1.0,0.0,56
56,BBC,Sat Mar 10 09:00:06 +0000 2018,Do you have a secret British accent? ü§îTake this quiz and we‚Äôll pinpoint which part of the UK you most sound like yo‚Ä¶ https://t.co/fiZDg5pK85,0.4173,0.112,0.888,0.0,57
57,BBC,Sat Mar 10 07:59:00 +0000 2018,"üôå 1 year ago today the world became a better place.
#BBCdad https://t.co/Q5I70XxT7T",0.4404,0.244,0.756,0.0,58
58,BBC,Fri Mar 09 19:03:04 +0000 2018,"A new gardening year is beginning at Longmeadow. üçÉüå∏üå±üå∑

Gardener's World | 8:30pm | @BBCTwo | https://t.co/R2ZqqlaEbQ https://t.co/A9Q43XOoxh",0.0,0.0,1.0,0.0,59
59,BBC,Fri Mar 09 18:00:10 +0000 2018,üíò @MabelMcVey covering @Coldplay's 'Fix You' in the Live Lounge is just perfect. üôå https://t.co/Sk9yMymZZs,0.5719,0.236,0.764,0.0,60
60,BBC,Fri Mar 09 17:18:55 +0000 2018,"RT @bbcthesocial: Instead of a plastic straw, why not use a condom? üòè https://t.co/XBtyZHdfkb",0.0,0.0,1.0,0.0,61
61,BBC,Fri Mar 09 17:00:10 +0000 2018,"Want to improve your persuasion powers? 

üòª Just watch a cat. https://t.co/vA9asFlD9g",0.4939,0.344,0.656,0.0,62
62,BBC,Fri Mar 09 16:56:32 +0000 2018,RT @bbcworldservice: These images of women on their period are greeting commuters in Stockholm. For more listen/download üìª: https://t.co/FL‚Ä¶,0.3818,0.126,0.874,0.0,63
63,BBC,Fri Mar 09 16:56:13 +0000 2018,"RT @bbcwritersroom: ""I felt like a real writer by the end of it!"" 

Find out how we created 6 #Comedy monologues for @bbcasiannetwork #Asia‚Ä¶",0.5848,0.193,0.807,0.0,64
64,BBC,Fri Mar 09 16:53:47 +0000 2018,"RT @BBCScotland: ""If there is a real live superwoman, she is it.""

Meet the surgeon who walked for eight miles in the heavy snow so she cou‚Ä¶",0.0,0.0,1.0,0.0,65
65,BBC,Fri Mar 09 16:39:50 +0000 2018,RT @BBCFOUR: Are we really born to prefer 'boys' or 'girls' toys? The answer might lie with monkeys... https://t.co/TPHeE7cStK,0.0,0.0,1.0,0.0,66
66,BBC,Fri Mar 09 14:30:07 +0000 2018,Noel and Liam Gallagher will headline @BBCRadio2's stages at the BBC's Biggest Weekend Festival in May üé§üëå‚Ä¶ https://t.co/q7YblDKT2N,0.4939,0.158,0.842,0.0,67
67,BBC,Fri Mar 09 14:00:18 +0000 2018,‚ôªÔ∏è The packaging industry in England has been accused of exaggerating the amount of its plastic that gets recycled.‚Ä¶ https://t.co/lHpw5rVHub,-0.4404,0.0,0.822,0.178,68
68,BBC,Fri Mar 09 13:30:05 +0000 2018,Over 80 but as healthy as a 20-year-old: How exercise in old age prevents the immune system from declining‚Ä¶ https://t.co/jABPPvkafN,0.7783,0.328,0.672,0.0,69
69,BBC,Fri Mar 09 12:30:02 +0000 2018,"It took almost a year to get to the final look of Snoke. 
#StarWars #TheLastJedi https://t.co/o6ttTvHdQy",0.0,0.0,1.0,0.0,70
70,BBC,Fri Mar 09 12:13:43 +0000 2018,RT @BBCWorld: Winter Paralympics opening ceremony begins in Pyeongchang https://t.co/VP4W2q1Hhe,0.0,0.0,1.0,0.0,71
71,BBC,Fri Mar 09 11:51:14 +0000 2018,RT @bbcthree: BBC Three presents Perfect Day #perfectday2018 https://t.co/oFgg0vJJgP,0.5719,0.316,0.684,0.0,72
72,BBC,Fri Mar 09 11:36:57 +0000 2018,"RT @BBCR1: Happy Birthday, Suga @BTS_twt! üêªüéà‚ú® https://t.co/7Al640sBgB",0.6114,0.363,0.637,0.0,73
73,BBC,Fri Mar 09 11:03:23 +0000 2018,RT @bbcarts: üé∂ This is the amazing moment when eight London teenagers hear an #opera singer in the flesh for the first time. Watch the full‚Ä¶,0.5859,0.137,0.863,0.0,74
74,BBC,Fri Mar 09 11:00:05 +0000 2018,"""For the first time, we think we‚Äôre actually able to recreate real living heart tissue which is identical to that o‚Ä¶ https://t.co/kGIMWWBf4z",0.0,0.0,1.0,0.0,75
75,BBC,Fri Mar 09 10:15:05 +0000 2018,The #BiggestWeekend lineup just got bigger! More artists have been added to all four locations including‚Ä¶ https://t.co/5G2GqBHkHK,0.0,0.0,1.0,0.0,76
76,BBC,Fri Mar 09 09:00:04 +0000 2018,üêë This Lancashire farmer revives frozen lambs by sticking them inside an oven! https://t.co/z1UvoIiRXY,0.4389,0.194,0.806,0.0,77
77,BBC,Fri Mar 09 08:30:08 +0000 2018,"üåäüìù The world's oldest known message in a bottle has been found, almost 132 years after it was thrown into the sea.‚Ä¶ https://t.co/fHdTDbK2Mg",0.0,0.0,1.0,0.0,78
78,BBC,Fri Mar 09 08:00:05 +0000 2018,üçã‚òïÔ∏è Fruit tea is good for you. Right...? https://t.co/YExPNJG6bE,0.4404,0.266,0.734,0.0,79
79,BBC,Thu Mar 08 21:28:00 +0000 2018,"This Ancient Egyptian pharaoh invested more in images of himself than any other ruler, and for him, size really did‚Ä¶ https://t.co/IUlHKvTATa",0.0,0.0,1.0,0.0,80
80,BBC,Thu Mar 08 20:33:04 +0000 2018,"Jack Jarvis and Victor McDade are back for another hilarious six-part series. 

#StillGame | 9:30pm | @BBCOne |‚Ä¶ https://t.co/zFtd4VQyKL",0.4019,0.144,0.856,0.0,81
81,BBC,Thu Mar 08 20:03:04 +0000 2018,"Lucy and Lee are back! üôåüéâ

#NotGoingOut | 9pm | @BBCOne | https://t.co/dUnnFaIoci https://t.co/gSpTMCPrSC",0.0,0.0,1.0,0.0,82
82,BBC,Thu Mar 08 18:00:06 +0000 2018,"What advice would YOU give your younger self? ü§î

#InternationalWomensDay #IWD2018 https://t.co/vIwPLtzTbO",0.0,0.0,1.0,0.0,83
83,BBC,Thu Mar 08 17:30:11 +0000 2018,"In recognition of International Women‚Äôs Day, a playlist in celebration of the funniest, saddest and most significan‚Ä¶ https://t.co/4WCrxvJxFY",-0.1027,0.159,0.664,0.177,84
84,BBC,Thu Mar 08 17:00:09 +0000 2018,"üî¨ More than half of the UK can't name a famous woman in science. 

Time to change that. 
üëâ https://t.co/3HVhvFaxaT‚Ä¶ https://t.co/KL0D1vIw8S",0.0,0.0,1.0,0.0,85
85,BBC,Thu Mar 08 16:30:05 +0000 2018,"‚úçÔ∏èüôå Lotte Reiniger is the unsung heroine of early animation. 

#InternationalWomensDay #IWD2018 https://t.co/Z4qDFWXcCS",0.5719,0.236,0.764,0.0,86
86,BBC,Thu Mar 08 16:05:42 +0000 2018,"RT @BBCMOTD: Favourite emoji?
Champions League or World Cup?

@TekkerzKid quizzes @ManUtd striker @MarcusRashford for #BBCOwnIt.

üì∫ Check o‚Ä¶",0.5803,0.181,0.819,0.0,87
87,BBC,Thu Mar 08 15:30:09 +0000 2018,"‚öΩÔ∏èü•Ö The story of the fall and rise of women's football, told through 10 objects collected by the National‚Ä¶ https://t.co/xOi8wNW64N",0.0,0.0,1.0,0.0,88
88,BBC,Thu Mar 08 15:09:13 +0000 2018,"RT @bbcmusic: üôå @Camila_Cabello just dropped the video for 'Never Be The Same' üíï
What do you think?

Watch üëâ https://t.co/gv60m6x9Wk https:‚Ä¶",0.0,0.0,1.0,0.0,89
89,BBC,Thu Mar 08 15:00:05 +0000 2018,"Nine-year-old Lola thinks more girls should take up skateboarding.

Lola is rad. ü§òüòù

#InternationalWomensDay‚Ä¶ https://t.co/EeOygOVfoh",0.0,0.0,1.0,0.0,90
90,BBC,Thu Mar 08 14:30:02 +0000 2018,"üé®üñº #AnnieSwynnerton: The woman who forced open the male art world and blazed a trail for female artists.
üëâ‚Ä¶ https://t.co/rHDoqWL4iI",-0.4588,0.0,0.857,0.143,91
91,BBC,Thu Mar 08 13:30:05 +0000 2018,"üéìüéí These women are pushing young girls into school, not marriage. 

#InternationalWomensDay #IWD2018 https://t.co/TIf5lbu3GZ",0.0,0.0,1.0,0.0,92
92,BBC,Thu Mar 08 13:09:22 +0000 2018,"RT @bbcworldservice: In Senegal, graffiti artist Zeinixx is campaigning for women's rights... with spray paint. üá∏üá≥ https://t.co/cy2ddCmEKo",0.0,0.0,1.0,0.0,93
93,BBC,Thu Mar 08 13:02:03 +0000 2018,"RT @bbc5live: ‚ÄúThat was the end of my childhood‚Äù

Money saving expert @MartinSLewis opens up to @tonylivesey about the death of his mum, th‚Ä¶",-0.5994,0.0,0.855,0.145,94
94,BBC,Thu Mar 08 13:00:08 +0000 2018,üé§ üéßGrime through time: A brief history of one of the biggest music genres to come out of the UK https://t.co/876CsOCFsa,0.0,0.0,1.0,0.0,95
95,BBC,Thu Mar 08 12:34:42 +0000 2018,"RT @BBCRadio4: Ten female authors who changed sci-fi: https://t.co/r5s1mqYrQD
#IWD2018 https://t.co/cQxHsT9c3E",0.0,0.0,1.0,0.0,96
96,BBC,Thu Mar 08 12:30:04 +0000 2018,"Thousands of women in the UK can't afford to buy tampons and towels. 

#InternationalWomensDay #IWD2018 https://t.co/66P7IrZ9lB",0.0,0.0,1.0,0.0,97
97,BBC,Thu Mar 08 12:00:02 +0000 2018,"üë∑üë∑‚Äç‚ôÄÔ∏è Building future engineers - it's a lot easier than you think! 

#BitzAndBob | @CbeebiesHQ https://t.co/YV3kTIj0Dx",0.4753,0.205,0.795,0.0,98
98,BBC,Thu Mar 08 11:46:51 +0000 2018,"RT @BBCR1: üíõüíõüíõ 

Who's ready for @thegreatkhalid in the Live Lounge?

Make sure you're listening to @claraamfo at 12pm üëâ https://t.co/48Ruy‚Ä¶",0.5859,0.211,0.789,0.0,99
99,BBC,Thu Mar 08 11:00:05 +0000 2018,"Life advice from one of our all-time favourite women, @DawnFrenchUK.  

#InternationalWomensDay #IWD2018 https://t.co/MAOUgpWb7J",0.0,0.0,1.0,0.0,100
100,CBS,Fri Mar 09 22:48:26 +0000 2018,RT @DierksBentley: Take and post a photo of the woman in your life who inspires you daily! Use the hashtag #WomanAmenACM in your post for a‚Ä¶,0.4926,0.117,0.883,0.0,1
101,CBS,Fri Mar 09 22:24:20 +0000 2018,"RT @MomCBS: If you missed guest star @KChenoweth in the latest episode of #Mom, not to worry! Watch now: https://t.co/RlvXoGOZ0l https://t.‚Ä¶",0.1275,0.113,0.795,0.092,2
102,CBS,Fri Mar 09 21:10:21 +0000 2018,"Give a round of applause to @KelseaBallerini, @MirandaLambert, @Reba, @MarenMorris, and @CarrieUnderwood, the five‚Ä¶ https://t.co/Ncp1BTXx6N",0.4215,0.177,0.823,0.0,3
103,CBS,Fri Mar 09 18:27:28 +0000 2018,"RT @thegoodfight: Smart, sexy, and sophisticated. See what's coming this season on #TheGoodFight. https://t.co/CuKhx2G50P https://t.co/ygTI‚Ä¶",0.8658,0.447,0.553,0.0,4
104,CBS,Fri Mar 09 16:02:27 +0000 2018,RT @BlueBloods_CBS: Even stand-up guys fall down sometimes. #BlueBloods is new tonight at 10/9c! https://t.co/UOlDm22wWW,0.0,0.0,1.0,0.0,5
105,CBS,Thu Mar 08 18:00:49 +0000 2018,Today and every day we celebrate the women in our lives who empower and inspire us. Share a story about an¬†influent‚Ä¶ https://t.co/9rVtqrElvT,0.8625,0.336,0.664,0.0,6
106,CBS,Thu Mar 08 17:03:04 +0000 2018,Take and post a photo of the woman in your life who inspires you daily! Use the hashtag #WomanAmenACM in your post‚Ä¶ https://t.co/7ShhvE48zy,0.4926,0.132,0.868,0.0,7
107,CBS,Wed Mar 07 18:39:10 +0000 2018,"RT @thegoodfight: Meticulously constructed. Soapy &amp; sexy. Intoxicating, savage television. üî• Here's what critics are saying about #TheGoodF‚Ä¶",-0.2023,0.15,0.619,0.23,8
108,CBS,Wed Mar 07 17:06:02 +0000 2018,"This just in! @Jason_Aldean, @mirandalambert, @LukeBryanOnline, and many more are set to perform at the 53rd Academ‚Ä¶ https://t.co/mfxw2VxzU4",0.0,0.0,1.0,0.0,9
109,CBS,Tue Mar 06 18:10:59 +0000 2018,"Meet the ensemble of talented actors slated to join $1, a new mystery series coming to CBS All Access:‚Ä¶ https://t.co/QoyYv7vxwg",0.6705,0.244,0.756,0.0,10
110,CBS,Mon Mar 05 22:16:43 +0000 2018,"Will @Jason_Aldean, @garthbrooks, @LukeBryanOnline, @ChrisStapleton, or @KeithUrban be named Entertainer Of The Yea‚Ä¶ https://t.co/rMD8zjeX3s",0.3818,0.167,0.833,0.0,11
111,CBS,Sun Mar 04 08:05:26 +0000 2018,"RT @thegoodfight: It feels good to be back. üë†üíÑüî• The season 2 premiere of #TheGoodFight is now streaming, exclusively on CBS All Access: htt‚Ä¶",0.4404,0.116,0.884,0.0,12
112,CBS,Sat Mar 03 20:55:20 +0000 2018,"RT @thegoodfight: Tomorrow, #TheGoodFight is back. Stream the season 2 premiere only on CBS All Access: https://t.co/tNFR8LBJO2 https://t.c‚Ä¶",0.0,0.0,1.0,0.0,13
113,CBS,Fri Mar 02 22:30:01 +0000 2018,"Who are the trailblazing women in your life that inspire you? Join CBS and the ANA's #SeeHer initiative, celebratin‚Ä¶ https://t.co/M0KqZ41Bes",0.7096,0.247,0.753,0.0,14
114,CBS,Fri Mar 02 20:30:01 +0000 2018,"Join @maria_bello, @aishatyler and @TeaLeoni in celebrating the accomplishments of women who have contributed to th‚Ä¶ https://t.co/MefESBeFL3",0.7096,0.282,0.718,0.0,15
115,CBS,Fri Mar 02 18:45:00 +0000 2018,"In honor of Women's History Month, CBS and the Association of National Advertisers' (ANA) #SeeHer initiative will p‚Ä¶ https://t.co/2wtYxKJVuO",0.4939,0.151,0.849,0.0,16
116,CBS,Thu Mar 01 18:59:01 +0000 2018,RT @ZoeListerJones: Tonight‚Äôs an all new Life In Pieces and it‚Äôs directed by my ride or die @nataliaanderson!!!‚Ä¶ https://t.co/2LPfmyLWrY,-0.6981,0.0,0.79,0.21,17
117,CBS,Thu Mar 01 18:12:57 +0000 2018,"RT @MarenMorris: Hot damn! Woke up from my post-wisdom teeth haze to find out I‚Äôm up for 4 @ACMawards ! So honored, especially for the Dear‚Ä¶",0.4547,0.159,0.749,0.092,18
118,CBS,Thu Mar 01 18:11:50 +0000 2018,RT @KelseaBallerini: Ohhhhh goodness. Incredible. Thank you thank you thank you. #female https://t.co/1ZTYjNfQeF,0.8591,0.538,0.462,0.0,19
119,CBS,Thu Mar 01 18:10:50 +0000 2018,RT @KeithUrban: ACMs...... HOLY SMOKES!!!!! MAD LOVE TO U ALL THIS MORNING  FOR THESE INCREDIBLE NOMINATIONS. I‚ÄôM EXTREMELY GRATEFUL!!!!!!!‚Ä¶,0.4885,0.234,0.615,0.151,20
120,CBS,Thu Mar 01 14:36:21 +0000 2018,"RT @ACMawards: Congratulations to this year‚Äôs #ACMawards Video of the Year nominees:
‚ÄúBlack‚Äù - @DierksBentley
‚ÄúIt Ain‚Äôt My Fault‚Äù - @Brothe‚Ä¶",0.5994,0.178,0.822,0.0,21
121,CBS,Thu Mar 01 14:29:20 +0000 2018,"RT @ACMawards: Please give a round of applause to this year‚Äôs #ACMawards Entertainer of the Year nominees: @Jason_Aldean, @GarthBrooks, @Lu‚Ä¶",0.7717,0.325,0.675,0.0,22
122,CBS,Thu Mar 01 14:15:29 +0000 2018,".@ChrisStapleton, @ThomasRhett, @mirandalambert and more are all nominated for awards at Country Music's Party of t‚Ä¶ https://t.co/Vm1vXRUDYJ",0.6908,0.275,0.725,0.0,23
123,CBS,Thu Mar 01 13:50:11 +0000 2018,"The Queen of Country, @Reba, is returning to host the 53rd #ACMawards on Sunday, April 15 at 8/7c. Here are a few o‚Ä¶ https://t.co/Iqzz6Gql01",0.0,0.0,1.0,0.0,24
124,CBS,Thu Mar 01 01:04:52 +0000 2018,RT @survivorcbs: It‚Äôs time! #Survivor https://t.co/YPk6cGWrUA,0.0,0.0,1.0,0.0,25
125,CBS,Wed Feb 28 19:56:58 +0000 2018,"RT @CBSThisMorning: TOMORROW: The nominees for the 2018 @ACMawards will be announced live by the one-and-only, @Reba! 

Watch on @CBS in ou‚Ä¶",0.0,0.0,1.0,0.0,26
126,CBS,Wed Feb 28 19:08:30 +0000 2018,"RT @thegoodfight: From the set design and costumes to hair and makeup, the production quality is truly next-level. Take a peek inside the u‚Ä¶",0.4404,0.116,0.884,0.0,27
127,CBS,Tue Feb 27 03:23:47 +0000 2018,RT @LivinBiblically: The fun continues on Facebook! The #LivingBiblically cast is live to talk about tonight‚Äôs premiere. Tune in here: http‚Ä¶,0.5562,0.152,0.848,0.0,28
128,CBS,Mon Feb 26 22:50:32 +0000 2018,"RT @KevinCanWaitCBS: Can you get all the way through these #KevinCanWait bloopers without laughing?! @KevinJames,@LeahRemini and the rest o‚Ä¶",0.0,0.0,1.0,0.0,29
129,CBS,Mon Feb 26 21:08:30 +0000 2018,"RT @ACMawards: That‚Äôs right! @Reba is headed to @CBSThisMorning on Thursday, March 1 to announce this year‚Äôs #ACMAwards' nominees. Tune in‚Ä¶",0.0,0.0,1.0,0.0,30
130,CBS,Mon Feb 26 19:53:41 +0000 2018,"RT @ScorpionCBS: You can't hack your way to a 197 IQ, but you are well on your way with these Genius Facts from #TeamScorpion! üíª You can be‚Ä¶",0.4482,0.105,0.895,0.0,31
131,CBS,Mon Feb 26 18:32:36 +0000 2018,RT @SuperiorDonuts: You can always count on @DavidKoechner for a laugh! Did your favorite Tush moment make the list? Catch a new #SuperiorD‚Ä¶,0.784,0.266,0.734,0.0,32
132,CBS,Mon Feb 26 18:20:16 +0000 2018,RT @TheTalkCBS: TODAY: We loved them together then &amp; we love seeing them together now! Welcome back to the show @THESaraGilbert‚Äã's good fri‚Ä¶,0.9359,0.429,0.571,0.0,33
133,CBS,Mon Feb 26 16:53:56 +0000 2018,"RT @thegoodfight: As foundations begin to crumble, our characters struggle to make sense of this new dystopian world. The cast teases what'‚Ä¶",-0.5423,0.0,0.816,0.184,34
134,CBS,Mon Feb 26 16:52:01 +0000 2018,"#LivingBiblically's @linzkraft and @jrfergjr appeared on @KCBS's Facebook Live this morning, talking all about what‚Ä¶ https://t.co/4RebcHuuMQ",0.0,0.0,1.0,0.0,35
135,CBS,Mon Feb 26 16:17:55 +0000 2018,"RT @CBSSports: Introducing CBS Sports HQ, a New 24/7 Direct-to-Consumer Streaming Network for Sports News, Highlights, &amp; Analysis.

Stream‚Ä¶",0.0,0.0,1.0,0.0,36
136,CBS,Mon Feb 26 01:12:32 +0000 2018,"RT @CBSBigBrother: It‚Äôs down to the final 5 celebrity Houseguests, and anyone could take home the grand prize! Tune in NOW to watch the #BB‚Ä¶",0.7644,0.231,0.769,0.0,37
137,CBS,Sun Feb 25 21:51:32 +0000 2018,RT @startrekcbs: Binge the entire first season of #StarTrekDiscovery. All episodes now streaming exclusively on CBS All Access: https://t.c‚Ä¶,0.0,0.0,1.0,0.0,38
138,CBS,Sun Feb 25 21:51:22 +0000 2018,"RT @thegoodfight: #TheGoodFight returns in 1 week. Season 2 premieres Sunday, March 4. https://t.co/nomCao1GWp https://t.co/BOn6bOe9Tb",0.0,0.0,1.0,0.0,39
139,CBS,Fri Feb 23 18:15:40 +0000 2018,RT @thegoodfight: This is our new favorite thing. Christine Baranski debuted #TheGoodFight the Musical on @colbertlateshow last night! üéµüé§‚Ä¶,0.5093,0.155,0.845,0.0,40
140,CBS,Thu Feb 22 19:26:52 +0000 2018,"RT @LivinBiblically: Confession time: have YOU ever hit the ""close door"" button in an elevator while somebody was approaching? The cast of‚Ä¶",0.0,0.0,1.0,0.0,41
141,CBS,Wed Feb 21 19:20:04 +0000 2018,RT @CBSEyeSpeak: Mark your calendars! #CBSEyeSpeak kicks off March 14 with The EYE Speak Summit. Follow our page for more details! https://‚Ä¶,0.0,0.0,1.0,0.0,42
142,CBS,Wed Feb 21 18:19:25 +0000 2018,"RT @CBSEyeSpeak: Proud to announce a new CBS initiative, promoting female empowerment and developing the next generation of leaders through‚Ä¶",0.6808,0.248,0.752,0.0,43
143,CBS,Tue Feb 20 19:55:19 +0000 2018,"RT @LivinBiblically: When you're living by the Bible, it's good to have a priest and a rabbi on call (provided they answer their phones, th‚Ä¶",0.4404,0.116,0.884,0.0,44
144,CBS,Tue Feb 20 17:58:18 +0000 2018,"RT @thegoodfight: Chicago lawyers are being hunted and the world is going insane. 

The new season of #TheGoodFight premieres Sunday, March‚Ä¶",-0.4019,0.0,0.881,0.119,45
145,CBS,Tue Feb 20 17:39:51 +0000 2018,Ready for some larger than life competition? This new series from @MarkBurnettTV will premiere in summer 2018.‚Ä¶ https://t.co/gDXHLdIJ5v,0.3612,0.128,0.872,0.0,46
146,CBS,Sat Feb 17 01:07:20 +0000 2018,"With tournament dreams on the line, make sure to stream these college basketball matchups on CBS All Access:‚Ä¶ https://t.co/SGkYUZrQWB",0.6124,0.227,0.773,0.0,47
147,CBS,Fri Feb 16 18:42:43 +0000 2018,"RT @LivinBiblically: While Chip's sticking to the Bible's original rules, the cast of #LivingBiblically has given them a more modern makeov‚Ä¶",0.3182,0.108,0.892,0.0,48
148,CBS,Fri Feb 16 17:48:20 +0000 2018,"Casting News! Peter Mark Kendall, Michael Gaston, Greg Wise, Rade ≈†erbed≈æija, Zack Pearlman, and Keye Chen join the‚Ä¶ https://t.co/GFob2KrD8H",0.68,0.248,0.752,0.0,49
149,CBS,Wed Feb 14 19:23:27 +0000 2018,RT @BullCBS: The verdict is in...#Bull is the perfect Valentine! ‚ù§Ô∏è Happy #ValentinesDay! https://t.co/poEejI4AnC,0.8619,0.466,0.534,0.0,50
150,CBS,Tue Feb 13 20:03:56 +0000 2018,"RT @NoActivityCBS: Car 27 reporting: Season 2 of #NoActivity coming soon!

Binge season one now on CBS All Access: https://t.co/yvxoQMeyhN‚Ä¶",0.0,0.0,1.0,0.0,51
151,CBS,Tue Feb 13 18:54:52 +0000 2018,"RT @LivinBiblically: Against all odds (and the advice of his God Squad), Chip is determined to live life by the Good Book. Think you could‚Ä¶",0.7506,0.252,0.748,0.0,52
152,CBS,Mon Feb 12 18:49:45 +0000 2018,RT @thegoodfight: Christine Baranski reflects upon the spectacular metamorphosis of her character in #TheGoodFight's first season. Revisit‚Ä¶,0.0,0.0,1.0,0.0,53
153,CBS,Mon Feb 12 01:32:33 +0000 2018,RT @startrekcbs: Binge the entire first season of #StarTrekDiscovery. All 15 episodes now streaming on CBS All Access: https://t.co/lKLaptP‚Ä¶,0.0,0.0,1.0,0.0,54
154,CBS,Fri Feb 09 00:50:01 +0000 2018,RT @SuperiorDonuts: Looking for a #Valentine? Tush is here to help you land your dream date just in time for the day of love! #SuperiorDonu‚Ä¶,0.8478,0.304,0.696,0.0,55
155,CBS,Thu Feb 08 16:09:35 +0000 2018,RT @CBSBigBrother: The pressure is on as the Houseguests battle each other for victory in the first HOH competition. Stream the season prem‚Ä¶,-0.5859,0.0,0.814,0.186,56
156,CBS,Wed Feb 07 18:35:19 +0000 2018,"RT @startrekcbs: Sunday, this season's epic journey reaches its final reckoning. Catch up before the season finale: https://t.co/4Ea5wpmAep‚Ä¶",0.0516,0.066,0.934,0.0,57
157,CBS,Wed Feb 07 16:17:48 +0000 2018,"Are you a sucker for jaw-dropping talent competitions? Announcing The World's Best, a first-of-its-kind new global‚Ä¶ https://t.co/fagCMklm2Z",0.5574,0.312,0.536,0.152,58
158,CBS,Tue Feb 06 22:21:39 +0000 2018,"RT @BullCBS: Tonight, one of these 3 TAC employees will end up incarcerated. Who do you think it will be? Tune into a new episode of #Bull‚Ä¶",0.0,0.0,1.0,0.0,59
159,CBS,Tue Feb 06 17:05:49 +0000 2018,"RT @thegoodfight: There's no season like lawyer season. #TheGoodFight returns March 4, exclusively on CBS All Access. https://t.co/XAlrg1nB‚Ä¶",0.0772,0.121,0.773,0.106,60
160,CBS,Sun Feb 04 15:35:36 +0000 2018,"RT @thegoodfight: The acclaimed series returns in 1 month. #TheGoodFight is back Sunday, March 4. https://t.co/5BNLTYRd8p https://t.co/yInP‚Ä¶",0.0,0.0,1.0,0.0,61
161,CBS,Sun Feb 04 12:00:01 +0000 2018,".@KeshaRose's emotional performance with @CyndiLauper, @AndraDayMusic, @BebeRexha and @Camila_Cabello brought the a‚Ä¶ https://t.co/qpgS2e9ir0",0.1531,0.118,0.882,0.0,62
162,CBS,Sat Feb 03 23:11:43 +0000 2018,Broadway legend Patti LuPone paid tribute to Sir Andrew Lloyd Webber with a show-stopping rendition of the iconic s‚Ä¶ https://t.co/GxqLtUzhFP,0.0,0.0,1.0,0.0,63
163,CBS,Sat Feb 03 12:00:07 +0000 2018,"Relive an entire night's worth of big wins, live performances and many more inspiring moments from The 60th Annual‚Ä¶ https://t.co/CH7mJ4Y3QT",0.8268,0.338,0.662,0.0,64
164,CBS,Fri Feb 02 22:36:13 +0000 2018,RT @swatcbs: ‚ú®@TheTalkCBS' @TheRealEve and @ShemarMoore brought some serious heat to the GRAMMYs red carpet: https://t.co/WYTITKkLQd https:‚Ä¶,-0.0772,0.0,0.925,0.075,65
165,CBS,Fri Feb 02 20:07:40 +0000 2018,"The all-star collaboration between @Rihanna, @DJKhaled and @brysontiller brought the party to the #GRAMMYs with a s‚Ä¶ https://t.co/jTv5QbtgUp",0.4019,0.144,0.856,0.0,66
166,CBS,Fri Feb 02 19:03:33 +0000 2018,RT @TheTalkCBS: All the #redcarpet looks from the 60th annual #GRAMMYs! Did you catch @TheRealEve's sparkly two-piece suit? Diamond accents‚Ä¶,0.4003,0.124,0.876,0.0,67
167,CBS,Fri Feb 02 17:23:18 +0000 2018,Go backstage with the celebs and see which stars celebrated the big night together! Here are the moments you missed‚Ä¶ https://t.co/rgQTXRQyLg,0.6114,0.166,0.834,0.0,68
168,CBS,Thu Feb 01 22:04:41 +0000 2018,üé∂ @DearEvanHansen star Ben Platt gave a soaring performance of a classic Broadway hit. Watch him perform 'Somewhere‚Ä¶ https://t.co/HcuizFWo02,0.0,0.0,1.0,0.0,69
169,CBS,Thu Feb 01 20:09:49 +0000 2018,"üé∏ @LittleBigTown, @U2, @BrunoMars and @Pink are just a few of the superstar performers that lit up the stage at The‚Ä¶ https://t.co/2v0MNYMItG",0.0,0.0,1.0,0.0,70
170,CBS,Wed Jan 31 21:42:15 +0000 2018,"Don't miss country stars Emmylou Harris and @ChrisStapleton perform a moving rendition of @TomPetty's classic song,‚Ä¶ https://t.co/GxoIW97XIu",0.1139,0.088,0.912,0.0,71
171,CBS,Wed Jan 31 17:05:47 +0000 2018,RT @survivorcbs: Get excited! üôå It‚Äôs finally time to meet the castaways of #Survivor: Ghost Island ‚ò† https://t.co/xQQ8ROhKbM https://t.co/P‚Ä¶,0.1007,0.135,0.75,0.115,72
172,CBS,Wed Jan 31 16:37:17 +0000 2018,"Country stars @EricChurch, @BrothersOsborne and @MarenMorris performed a touching tribute dedicated to the victims‚Ä¶ https://t.co/YCIq9i70fd",0.4588,0.188,0.812,0.0,73
173,CBS,Wed Jan 31 06:55:30 +0000 2018,Missed the Man vs. Beast #SuperBowlCommercials showdown? Catch up now to find out which entertaining ad was named t‚Ä¶ https://t.co/SlyO0n7yMX,0.1779,0.126,0.779,0.095,74
174,CBS,Wed Jan 31 02:15:16 +0000 2018,"RT @rikimae: Ok, that one makes me cry #superbowlcommercials",-0.2263,0.179,0.569,0.252,75
175,CBS,Wed Jan 31 01:58:40 +0000 2018,"If this doesn‚Äôt make you cry, nothing will. #SuperBowlCommercials https://t.co/UjFf3xr4so",-0.4767,0.0,0.744,0.256,76
176,CBS,Wed Jan 31 01:52:46 +0000 2018,"RT @maverickkr: #superbowlcommercials the frogs were great, I'd forgotten about that one.",0.4939,0.256,0.625,0.119,77
177,CBS,Wed Jan 31 01:49:43 +0000 2018,"If you haven't voted yet, it's not too late! Choose your favorite here: https://t.co/s4pEIF5IX8‚Ä¶ https://t.co/VCa1YHDyYy",0.5093,0.19,0.81,0.0,78
178,CBS,Wed Jan 31 01:31:27 +0000 2018,RT @5691e44f3b66446: I am having so much fun ...the commercials are awesome #superbowlcommercials,0.8261,0.434,0.566,0.0,79
179,CBS,Wed Jan 31 01:29:10 +0000 2018,RT @LittleShelbyMae: Love watching the #superbowlcommercials all the animal ones are my favorite!!,0.8309,0.414,0.586,0.0,80
180,CBS,Wed Jan 31 01:24:16 +0000 2018,RT @PatHale915: Doritos time machine was great!   #superbowlcommercials,0.6588,0.386,0.614,0.0,81
181,CBS,Wed Jan 31 01:18:37 +0000 2018,Never make a goat angry. #SuperBowlCommercials https://t.co/xRJssdAErk,-0.5106,0.0,0.602,0.398,82
182,CBS,Wed Jan 31 01:17:37 +0000 2018,RT @MsLindsieStarr: That dang goat! #Doritos #superbowlcommercials,0.0,0.0,1.0,0.0,83
183,CBS,Wed Jan 31 01:16:15 +0000 2018,Do you remember this Super Bowl commercial featuring @KevinHart4real playing an overprotective father?‚Ä¶ https://t.co/ejLnTEG5ug,0.7525,0.349,0.651,0.0,84
184,CBS,Wed Jan 31 01:08:01 +0000 2018,RT @dRoy: Homework will take a break for now. #superbowlcommercials on cbs is on üëå,0.0,0.0,1.0,0.0,85
185,CBS,Wed Jan 31 01:04:34 +0000 2018,RT @Mixxxalv: Watching #superbowlcommercials let the best win!,0.8516,0.58,0.42,0.0,86
186,CBS,Wed Jan 31 01:00:35 +0000 2018,Super Bowl Greatest Commercials 2018 hosts @7BOOMERESIASON and @DanielaRuah are moments away from announcing the tw‚Ä¶ https://t.co/cKM1WXPc9u,0.8442,0.351,0.649,0.0,87
187,CBS,Wed Jan 31 00:55:04 +0000 2018,It's Man vs. Beast as these classic Super Bowl spots face off tonight on Super Bowl Greatest Commercials 2018! Tune‚Ä¶ https://t.co/GcoSAcfeUd,0.923,0.406,0.594,0.0,88
188,CBS,Wed Jan 31 00:37:20 +0000 2018,"Tonight, get a first look at #ChrisElliott starring in the new @AvosfromMexico Super Bowl Commercial on‚Ä¶ https://t.co/WMEjsZfgdg",0.5994,0.206,0.794,0.0,89
189,CBS,Wed Jan 31 00:11:53 +0000 2018,"Join @NCISLA's @DanielaRuah and @7BOOMERESIASON on Super Bowl Greatest Commercials 2018, tonight at 8/7c on CBS and‚Ä¶ https://t.co/nzVu1FCRc5",0.8834,0.407,0.593,0.0,90
190,CBS,Tue Jan 30 23:35:01 +0000 2018,Everyone knows the best part of the Super Bowl is the commercials! Find out how to tune in and vote for your favori‚Ä¶ https://t.co/KGDYl9oF98,0.8553,0.276,0.724,0.0,91
191,CBS,Tue Jan 30 21:19:22 +0000 2018,Throw it back to this classic Michael Jordan vs. Larry Bird spot tonight on Super Bowl Greatest Commercials 2018! W‚Ä¶ https://t.co/g2H4zV7wIN,0.8553,0.306,0.694,0.0,92
192,CBS,Tue Jan 30 18:46:04 +0000 2018,"Super Bowl Greatest Commercials 2018 airs tonight! Cast your vote now, then tune in and vote for the winner live at‚Ä¶ https://t.co/h4jGpUheP5",0.9215,0.391,0.609,0.0,93
193,CBS,Tue Jan 30 16:00:02 +0000 2018,Remember when @robinthicke and Lil Wayne (@liltunechi) joined jazz legends on stage at the 51st #GRAMMYs? Watch thi‚Ä¶ https://t.co/2l8gBdOrli,0.0,0.0,1.0,0.0,94
194,CBS,Tue Jan 30 04:03:31 +0000 2018,"Tomorrow, catch a sneak peek of the incredible @TiffanyHaddish in her first Super Bowl Commercial for @Groupon on‚Ä¶ https://t.co/RlehujNvFN",0.5994,0.187,0.813,0.0,95
195,CBS,Tue Jan 30 03:17:51 +0000 2018,Rapper @Logic301 delivered a poignant message of hope to conclude his powerful performance with @alessiacara and‚Ä¶ https://t.co/elSqZExRtN,0.6908,0.289,0.711,0.0,96
196,CBS,Tue Jan 30 02:12:15 +0000 2018,Even our host @JKCorden was starstruck when Broadway icon Patti LuPone performed at The #GRAMMYs! https://t.co/YJhNBllFh6,0.0,0.0,1.0,0.0,97
197,CBS,Tue Jan 30 01:29:06 +0000 2018,Childish Gambino serenaded the crowd with his smooth vocals in this mesmerizing performance. Watch him perform 'Ter‚Ä¶ https://t.co/TkWZP7PS22,-0.296,0.0,0.885,0.115,98
198,CBS,Tue Jan 30 00:11:05 +0000 2018,.@OfficialSting and @shaggy757 joined together to bring their upbeat reggae vibes to Madison Square Garden. Watch t‚Ä¶ https://t.co/iqq0DbM1IR,0.0,0.0,1.0,0.0,99
199,CBS,Mon Jan 29 22:45:21 +0000 2018,Superstar @Pink left it all on the stage last night in a simply stunning performance that brought the crowd to thei‚Ä¶ https://t.co/B9Tj5INcNu,0.3818,0.115,0.885,0.0,100
200,CNN,Sun Mar 11 17:30:04 +0000 2018,"CNN Exclusive: The more opioids doctors prescribe, the more money they make https://t.co/eAXuBJ1diw https://t.co/gcrT4jfpiU",0.128,0.103,0.897,0.0,1
201,CNN,Sun Mar 11 17:15:06 +0000 2018,Wall Street is still trying to figure out which President Trump it'll get https://t.co/CYmOnyOIZW https://t.co/fFPsFhDTEu,0.0,0.0,1.0,0.0,2
202,CNN,Sun Mar 11 17:01:09 +0000 2018,"The papacy has ruled for 2,000 years. Now go back to the beginning of the Pope‚Äôs rise to power. #Pope premieres ton‚Ä¶ https://t.co/gI3SrvhHav",0.0,0.0,1.0,0.0,3
203,CNN,Sun Mar 11 16:45:10 +0000 2018,"President Trump brags about his party's ""5-0"" record in House special elections https://t.co/vPSCfNDYeF https://t.co/imHxAcVfCB",0.4019,0.172,0.828,0.0,4
204,CNN,Sun Mar 11 16:30:07 +0000 2018,Northeast prepares for its 3rd winter storm in the past 10 days https://t.co/JoTRQetMZY https://t.co/Jc6CQmUv7G,0.0,0.0,1.0,0.0,5
205,CNN,Sun Mar 11 16:16:06 +0000 2018,"""Frankly, I just don't see how any senator can vote to weaken the regulations on Wall Street banks."" Democratic Sen‚Ä¶ https://t.co/UElyMlyCl7",-0.4215,0.0,0.872,0.128,6
206,CNN,Sun Mar 11 16:00:11 +0000 2018,Customers of a restaurant and a pub in the UK have been urged to wash their clothes as a precaution after traces of‚Ä¶ https://t.co/D6mdjVheg6,0.0,0.0,1.0,0.0,7
207,CNN,Sun Mar 11 15:45:52 +0000 2018,"""We can't do what we did with Iran and let off the pressure and then just watch the behavior go in the wrong direct‚Ä¶ https://t.co/Z8knp3MEam",-0.6486,0.0,0.813,0.187,8
208,CNN,Sun Mar 11 15:30:12 +0000 2018,"US Defense Secretary James Mattis warns Syria against using chemical weapons, doubts Russian missile claims‚Ä¶ https://t.co/SS2g8Prnq1",-0.6124,0.075,0.6,0.325,9
209,CNN,Sun Mar 11 15:00:15 +0000 2018,"66% of Millennials have nothing saved for retirement, a new report shows. Of those who do save, most have less than‚Ä¶ https://t.co/LV5n4lhDKy",0.2187,0.13,0.774,0.095,10
210,CNN,Sun Mar 11 14:45:03 +0000 2018,Video games do not teach people to become shooters in real life | By Lindsay Grace via @CNNOpinion‚Ä¶ https://t.co/To5tJkefdd,0.4215,0.141,0.859,0.0,11
211,CNN,Sun Mar 11 14:30:10 +0000 2018,"Local law says that ""every head of household residing in the city limits is required to maintain a firearm"" in Kenn‚Ä¶ https://t.co/Nf0Lm30jOd",0.0,0.0,1.0,0.0,12
212,CNN,Sun Mar 11 14:15:07 +0000 2018,11 tax deductions and other ways to cut your 2017 tax bill https://t.co/jq7skCHDUf https://t.co/EJkXr8jlW9,-0.2732,0.0,0.861,0.139,13
213,CNN,Sun Mar 11 14:03:27 +0000 2018,"Oprah says she's ""not running for office,""  but her advice for someone who might is ""do not give your energy to the‚Ä¶ https://t.co/n2iTxgYjrl",-0.3007,0.0,0.908,0.092,14
214,CNN,Sun Mar 11 14:01:04 +0000 2018,11 tax deductions and other ways to cut your 2017 tax bill https://t.co/QQ1nZJEfRJ https://t.co/D2DABt7h1W,-0.2732,0.0,0.861,0.139,15
215,CNN,Sun Mar 11 13:31:02 +0000 2018,"Anthony C. Acevedo, the first Mexican-American to register as a Holocaust survivor, was a World War II medic and on‚Ä¶ https://t.co/IQ14hNQBWr",-0.34,0.107,0.726,0.167,16
216,CNN,Sun Mar 11 13:28:03 +0000 2018,Sen. Elizabeth Warren: ‚ÄúI am not running for president in 2020‚Äù https://t.co/0dy8gxtdRw https://t.co/M99yjYnqvR,0.0,0.0,1.0,0.0,17
217,CNN,Sun Mar 11 13:22:14 +0000 2018,"Sen. Elizabeth Warren: ""I want the President to succeed ‚Ä¶ but I am very worried he is going to go into these negoti‚Ä¶ https://t.co/Q3DQPYof0Y",-0.2475,0.128,0.745,0.127,18
218,CNN,Sun Mar 11 13:20:57 +0000 2018,"Sen. Elizabeth Warren: ""I am very glad to see this administration move toward a diplomatic approach to North Korea‚Äù‚Ä¶ https://t.co/bFt8iWwzKq",0.5095,0.155,0.845,0.0,19
219,CNN,Sun Mar 11 13:14:35 +0000 2018,"GOP Sen. Ron Johnson of Wisconsin: ‚ÄúIt‚Äôs just incredibly important to, I would say, ratchet up the sanctions agains‚Ä¶ https://t.co/9tuearvy9f",0.2716,0.104,0.896,0.0,20
220,CNN,Sun Mar 11 13:01:02 +0000 2018,This photographer snaps cancer-stricken kids as superheroes https://t.co/bRrWqqIk7r https://t.co/5MFEqEFbMw,0.0,0.0,1.0,0.0,21
221,CNN,Sun Mar 11 12:31:03 +0000 2018,"Barbie unveiled dolls based on real-life figures including Amelia Earhart, Frida Kahlo, Katherine Johnson and Chloe‚Ä¶ https://t.co/Ss8N6WEbY4",0.0,0.0,1.0,0.0,22
222,CNN,Sun Mar 11 12:01:04 +0000 2018,"66% of Millennials have nothing saved for retirement, a new report shows. Of those who do save, most have less than‚Ä¶ https://t.co/3MB6jMLDON",0.2187,0.13,0.774,0.095,23
223,CNN,Sun Mar 11 11:31:07 +0000 2018,"Inspired by her travels, this artist paints stunning pictures on tea bags https://t.co/O8piOHSRFL https://t.co/HZSii2dacL",0.7003,0.326,0.674,0.0,24
224,CNN,Sun Mar 11 11:01:05 +0000 2018,"Local law says that ""every head of household residing in the city limits is required to maintain a firearm"" in Kenn‚Ä¶ https://t.co/2R3nT6dWU7",0.0,0.0,1.0,0.0,25
225,CNN,Sun Mar 11 10:31:02 +0000 2018,"""They could divorce. They could own property. They had many rights that women in subsequent civilizations didn't ha‚Ä¶ https://t.co/5897yT64XL",0.0,0.0,1.0,0.0,26
226,CNN,Sun Mar 11 10:01:02 +0000 2018,"These high-performance cars, which are priced in the millions, can't be legally driven on public roads‚Ä¶ https://t.co/xF15GOjWIb",-0.0762,0.0,0.925,0.075,27
227,CNN,Sun Mar 11 09:31:04 +0000 2018,"""Dumpster fire"" is in the Merriam-Webster dictionary now, defined as ""an utterly calamitous or mismanaged situation‚Ä¶ https://t.co/oMS9hLU8Lx",-0.4588,0.0,0.789,0.211,28
228,CNN,Sun Mar 11 09:01:05 +0000 2018,"Child marriage is declining, a new UNICEF report says - but 12 million girls are still married in childhood every y‚Ä¶ https://t.co/DAUZ1yVebf",0.0,0.0,1.0,0.0,29
229,CNN,Sun Mar 11 08:31:04 +0000 2018,"Scientists unravel the mystery of the Roman ""gate to hell,"" which was thought to belch a ""breath of death"" that cau‚Ä¶ https://t.co/WJbHlsGepb",-0.5994,0.0,0.837,0.163,30
230,CNN,Sun Mar 11 08:30:48 +0000 2018,"China's largely ceremonial parliament endorses a constitutional amendment, paving the way for President Xi Jinping‚Ä¶ https://t.co/RCTC01CJUz",0.34,0.146,0.854,0.0,31
231,CNN,Sun Mar 11 08:15:05 +0000 2018,"Find out who and what is making big waves in the worlds of tech, media and innovation. Sign up for PACIFIC, CNN‚Äôs n‚Ä¶ https://t.co/V8Ln7DhjHo",0.3818,0.102,0.898,0.0,32
232,CNN,Sun Mar 11 08:01:03 +0000 2018,Facebook robots may one day follow you around at home https://t.co/urKEOzSzgF https://t.co/t1dARIPBBS,0.0,0.0,1.0,0.0,33
233,CNN,Sun Mar 11 07:31:03 +0000 2018,"Fake news travels at a markedly faster rate on Twitter than accurate information, a new study finds‚Ä¶ https://t.co/kpbDwphXbN",-0.4767,0.0,0.829,0.171,34
234,CNN,Sun Mar 11 07:01:03 +0000 2018,Uber says it has started using self-driving trucks to haul freight in Arizona https://t.co/r5bQPtepzj https://t.co/Fdxg8DUHHI,0.0,0.0,1.0,0.0,35
235,CNN,Sun Mar 11 06:59:06 +0000 2018,Former White House press secretary Jay Carney says the role he once held has become unrecognizable under President‚Ä¶ https://t.co/K3qLcWnL4R,0.0,0.0,1.0,0.0,36
236,CNN,Sun Mar 11 06:30:08 +0000 2018,"""Black Panther"" to cross $1 billion worldwide in less than a month https://t.co/wJzaL36egw https://t.co/4uiuQSt2CG",0.0,0.0,1.0,0.0,37
237,CNN,Sun Mar 11 06:01:04 +0000 2018,"Over 1.3 million live animals and plants, and a similar number of animal skins, have been exported from Africa to A‚Ä¶ https://t.co/fHImyRVV9l",0.0772,0.061,0.939,0.0,38
238,CNN,Sun Mar 11 05:46:00 +0000 2018,NASA spacecraft Juno has collected new data on its mission to Jupiter revealing some of the swirling inner mysterie‚Ä¶ https://t.co/Tm73ZWcpn9,0.0,0.0,1.0,0.0,39
239,CNN,Sun Mar 11 05:31:05 +0000 2018,Bones found on a remote Pacific island almost eight decades ago likely are those of pioneering pilot Amelia Earhart‚Ä¶ https://t.co/MtqRDZ4kgB,0.0,0.0,1.0,0.0,40
240,CNN,Sun Mar 11 05:16:00 +0000 2018,"Russian internet trolls created an anti-Hillary Clinton video game called ""Hilltendo"" and tried to make it go viral‚Ä¶ https://t.co/aRZHkrFLDL",0.25,0.1,0.9,0.0,41
241,CNN,Sun Mar 11 05:00:06 +0000 2018,"President Trump is looking at adding impeachment lawyer to the White House team, The New York Times reports‚Ä¶ https://t.co/clGPoY680u",0.0,0.0,1.0,0.0,42
242,CNN,Sun Mar 11 04:30:06 +0000 2018,"US Attorney General Jeff Sessions says judges blocking President Trump's policies is ""unconstitutional""‚Ä¶ https://t.co/6FPpSHLqpd",-0.3818,0.0,0.833,0.167,43
243,CNN,Sun Mar 11 04:00:08 +0000 2018,"""A Wrinkle in Time"" breaks through with a new kind of heroism, writes Van Jones for @CNNOpinion‚Ä¶ https://t.co/nHKWj0zLmn",0.5434,0.18,0.82,0.0,44
244,CNN,Sun Mar 11 03:30:11 +0000 2018,"Washington, save partisan fighting for actual partisan issues ‚Äî not DACA, writes Fernand Fernandez for @CNNOpinion‚Ä¶ https://t.co/PkLyK4GUMq",0.1779,0.162,0.711,0.127,45
245,CNN,Sun Mar 11 03:00:07 +0000 2018,"The CEO of dating app Bumble says she pays no mind to Tinder, her biggest competitor and former employer‚Ä¶ https://t.co/vOQrSvoZoV",-0.296,0.0,0.896,0.104,46
246,CNN,Sun Mar 11 02:30:03 +0000 2018,US worries over China's expanding role in Africa https://t.co/JdQ485Nc35 https://t.co/HoPZkfx31V,-0.4215,0.0,0.763,0.237,47
247,CNN,Sun Mar 11 02:01:39 +0000 2018,Oprah says she was inspired to help the Florida school shooting survivors fight for gun control because their dedic‚Ä¶ https://t.co/SHC9psBXC6,0.2263,0.219,0.595,0.186,48
248,CNN,Sun Mar 11 01:37:14 +0000 2018,"President Trump appears to mock ""presidential"" behavior: ""That's easy"" https://t.co/zvDdpiNUy1",0.0258,0.212,0.584,0.204,49
249,CNN,Sun Mar 11 01:30:08 +0000 2018,US Secretary of State Rex Tillerson will resume his normal schedule Sunday after canceling his Saturday schedule of‚Ä¶ https://t.co/8g4GLb4WHv,0.0,0.0,1.0,0.0,50
250,CNN,Sun Mar 11 01:28:25 +0000 2018,"President Trump discusses the death penalty for drug dealers: ""I don't think we should play games ... These people‚Ä¶ https://t.co/yZwcNUrreM",-0.6705,0.091,0.646,0.262,51
251,CNN,Sun Mar 11 01:15:30 +0000 2018,"President Trump responds to chants of ""Build the wall"" at a rally in Pennsylvania: ""We are building the wall, 100%"" https://t.co/Oy2HVMcGjp",0.0,0.0,1.0,0.0,52
252,CNN,Sun Mar 11 01:00:18 +0000 2018,Ireland seals Six Nations Championship title with four-try victory over Scotland https://t.co/uvZ1EZ067i https://t.co/AL5mTXS040,0.4404,0.195,0.805,0.0,53
253,CNN,Sun Mar 11 00:58:33 +0000 2018,"President Trump: Even President Ronald Reagan ""was not great"" on trade https://t.co/UETvww4jNW",-0.5096,0.0,0.77,0.23,54
254,CNN,Sun Mar 11 00:46:34 +0000 2018,"President Trump announces his 2020 campaign slogan: ""Keep America Great!"" https://t.co/hKeK7AB2h6",0.0,0.0,1.0,0.0,55
255,CNN,Sun Mar 11 00:39:31 +0000 2018,"President Trump: ""I'd love to beat Oprah"" in the 2020 presidential election https://t.co/t30yRIq0zd",0.6369,0.259,0.741,0.0,56
256,CNN,Sun Mar 11 00:30:04 +0000 2018,Turkish court frees 2 journalists on bail in trial of Cumhuriyet opposition paper https://t.co/Un1EUty2p6 https://t.co/mEJQZ19oc5,0.296,0.145,0.855,0.0,57
257,CNN,Sun Mar 11 00:26:45 +0000 2018,"President Trump hits his predecessors on North Korea: ""They had their shot and all they did was nothing"" https://t.co/CIkhp64uW2",0.0,0.0,1.0,0.0,58
258,CNN,Sun Mar 11 00:20:39 +0000 2018,"President Trump on negotiations with North Korea: ""This should have been handled, by the way, over the last 30 year‚Ä¶ https://t.co/dKCUO0NRzD",0.0,0.0,1.0,0.0,59
259,CNN,Sun Mar 11 00:14:02 +0000 2018,President Trump touts his new steel and aluminum tariffs during a rally for Pennsylvania GOP special election candi‚Ä¶ https://t.co/Q3E8P3zFBy,0.3818,0.136,0.808,0.056,60
260,CNN,Sun Mar 11 00:00:06 +0000 2018,Will Supreme Court Justice Anthony Kennedy retire and be Republicans' Senate savior?https://t.co/kr6I66I97I https://t.co/RnI7IY8i3j,0.7906,0.389,0.611,0.0,61
261,CNN,Sat Mar 10 23:30:13 +0000 2018,LGBTQ groups cry discrimination as Republican Sen. Mike Lee reintroduces religious freedom bill‚Ä¶ https://t.co/HqPsXmxcYf,0.2732,0.218,0.622,0.161,62
262,CNN,Sat Mar 10 23:00:19 +0000 2018,President Trump's trade moves may be of no help in Pennsylvania special election https://t.co/11inyamR9f https://t.co/vJMpYrhEkU,0.4939,0.276,0.612,0.112,63
263,CNN,Sat Mar 10 22:45:03 +0000 2018,US Secretary of State Rex Tillerson changes tune after President Trump accepts meeting with North Korean leader Kim‚Ä¶ https://t.co/kFsksZqn0u,0.3182,0.113,0.887,0.0,64
264,CNN,Sat Mar 10 22:30:12 +0000 2018,President Trump's estranged adviser Steve Bannon tells a far-right gathering in France that they should handle accu‚Ä¶ https://t.co/X2jidYv3xU,0.0,0.0,1.0,0.0,65
265,CNN,Sat Mar 10 22:15:05 +0000 2018,"Steven Spielberg's ""Ready Player One"" to have world premiere at SXSW https://t.co/AzahlUPzxB https://t.co/P6cND1J2cs",0.3612,0.172,0.828,0.0,66
266,CNN,Sat Mar 10 22:00:22 +0000 2018,Attorney General Jeff Sessions tests limits of immigration powers with asylum moves https://t.co/B8AfIWFrDD https://t.co/8D4RnpFuT3,0.0,0.0,1.0,0.0,67
267,CNN,Sat Mar 10 21:45:06 +0000 2018,The week President Trump rewarded enemies and punished friends https://t.co/h9ZNBoxZ9q https://t.co/wgTo39OKvt,0.0258,0.323,0.359,0.318,68
268,CNN,Sat Mar 10 21:30:16 +0000 2018,"""The darkness is there to show you your light."" Oprah Winfrey gives advice to Americans feeling jaded amid increasi‚Ä¶ https://t.co/bNTETFcemm",-0.4767,0.065,0.736,0.199,69
269,CNN,Sat Mar 10 21:15:07 +0000 2018,Why is the US rolling back this high-return global investment? https://t.co/PHS5LIGmDj (via @CNNOpinion) https://t.co/nPp5q40N5r,0.0,0.0,1.0,0.0,70
270,CNN,Sat Mar 10 21:00:53 +0000 2018,Jackie Kennedy looked like a movie star on her wedding day. But it wasn‚Äôt the wedding of her dreams. Go inside‚Ä¶ https://t.co/oCzygC50Dv,0.6369,0.215,0.785,0.0,71
271,CNN,Sat Mar 10 20:45:08 +0000 2018,Read CNN's interview with Stormy Daniels https://t.co/YIfuKhzX3Q https://t.co/HJOLk05OHs,0.0,0.0,1.0,0.0,72
272,CNN,Sat Mar 10 20:30:06 +0000 2018,"Florida adopts a wide package of gun laws, while Washington stalls https://t.co/F9zXo17teo https://t.co/dZlwaY7P7X",-0.1779,0.121,0.709,0.17,73
273,CNN,Sat Mar 10 20:15:08 +0000 2018,How porn star Stormy Daniels could impact the Russia investigation https://t.co/JoYkWOmiOx https://t.co/4UiUdSq7pE,0.0,0.0,1.0,0.0,74
274,CNN,Sat Mar 10 20:00:22 +0000 2018,"Adwoa Aboah announces next ""Gurls Talk"" event in Ghana https://t.co/TI9WQ2BMZT https://t.co/dWDF0fpn3X",0.0,0.0,1.0,0.0,75
275,CNN,Sat Mar 10 19:45:05 +0000 2018,Why China's footprint in Africa worries the US https://t.co/p1XrRgGA01 https://t.co/JXSDwDzDQ5,-0.4215,0.0,0.763,0.237,76
276,CNN,Sat Mar 10 19:30:18 +0000 2018,Porn star Stormy Daniels says Trump scandal has been good for business https://t.co/CWliGpCPF5 https://t.co/VXZew4GxnF,0.0,0.163,0.674,0.163,77
277,CNN,Sat Mar 10 19:15:09 +0000 2018,"""Black Panther"" to cross $1 billion worldwide in less than a month https://t.co/HKIJkqfpvn https://t.co/q6pnbyPeJ8",0.0,0.0,1.0,0.0,78
278,CNN,Sat Mar 10 19:00:13 +0000 2018,A woman rode a horse into a dance club in Miami Beach https://t.co/e1ipW7Mih8 https://t.co/2MVq8Z8dEl,0.0,0.0,1.0,0.0,79
279,CNN,Sat Mar 10 18:45:03 +0000 2018,A lawsuit accusing Harvard of capping Asian-American admissions could be tried this summer https://t.co/c6DLxTGmlp https://t.co/oSb5ywGPjT,-0.3818,0.0,0.769,0.231,80
280,CNN,Sat Mar 10 18:31:21 +0000 2018,"Oprah's advice for Americans feeling jaded amid increasing political partisanship, gun control debates and inner ci‚Ä¶ https://t.co/GBDRMAEiaY",-0.5423,0.073,0.683,0.244,81
281,CNN,Sat Mar 10 18:15:08 +0000 2018,Complaining about the change to Daylight Saving Time? You're in the minority. https://t.co/oJnAcfmYqQ https://t.co/WQWU2PUCBj,-0.2023,0.0,0.878,0.122,82
282,CNN,Sat Mar 10 17:45:05 +0000 2018,"Find out who and what is making big waves in the worlds of tech, media and innovation. Sign up for PACIFIC, CNN‚Äôs n‚Ä¶ https://t.co/7cYXQ71LuB",0.3818,0.102,0.898,0.0,83
283,CNN,Sat Mar 10 17:30:08 +0000 2018,This is the one big difference in the story about the Nashville mayor's affair https://t.co/bBA4azjyYj (via‚Ä¶ https://t.co/h45W9IdVgr,0.0,0.0,1.0,0.0,84
284,CNN,Sat Mar 10 17:00:04 +0000 2018,UK ministers are holding an emergency meeting as investigators probe the attempt to kill a former Russian double ag‚Ä¶ https://t.co/ahpM64kxYH,-0.8074,0.0,0.7,0.3,85
285,CNN,Sat Mar 10 16:52:09 +0000 2018,"JUST IN: A man is barricaded in an apartment in Pomona, California, after fatally shooting an officer and wounding‚Ä¶ https://t.co/sc3x1MrBDM",-0.6369,0.0,0.811,0.189,86
286,CNN,Sat Mar 10 16:45:08 +0000 2018,Here are some reads you missed during a busy news week https://t.co/S1PcV7ztqp https://t.co/6btlUSS4XN,-0.296,0.0,0.833,0.167,87
287,CNN,Sat Mar 10 16:30:07 +0000 2018,God bless these doctors in Canada https://t.co/ulphJ72jda (via @CNNOpinion) https://t.co/uSfkIpUIWc,0.5994,0.38,0.62,0.0,88
288,CNN,Sat Mar 10 16:15:08 +0000 2018,"Job growth is strong, but it probably won't save Republicans in the midterms https://t.co/7lYLdRReVK | Analysis by‚Ä¶ https://t.co/8hgxVcWYhs",-0.126,0.185,0.654,0.161,89
289,CNN,Sat Mar 10 16:00:11 +0000 2018,What President Xi Jinping's power play means for China's economy https://t.co/VtvRiBYcsu https://t.co/Nf7bGSiQx4,0.34,0.179,0.821,0.0,90
290,CNN,Sat Mar 10 15:45:55 +0000 2018,Will hitting China with tariffs kill India's solar dreams?https://t.co/XpemciO5nU https://t.co/ZHv7Rv416B,-0.6908,0.0,0.657,0.343,91
291,CNN,Sat Mar 10 15:01:08 +0000 2018,This photographer snaps cancer-stricken kids as superheroes https://t.co/fFC6pucyUH https://t.co/LFXLQw84eE,0.0,0.0,1.0,0.0,92
292,CNN,Sat Mar 10 14:31:08 +0000 2018,"Barbie unveiled dolls based on real-life figures including Amelia Earhart, Frida Kahlo, Katherine Johnson and Chloe‚Ä¶ https://t.co/XTcr37oUtS",0.0,0.0,1.0,0.0,93
293,CNN,Sat Mar 10 14:01:10 +0000 2018,"Inspired by her travels, this artist paints stunning pictures on tea bags https://t.co/nz5dDAlxC4 https://t.co/Zg6KvN3iWF",0.7003,0.326,0.674,0.0,94
294,CNN,Sat Mar 10 13:31:04 +0000 2018,"""They could divorce. They could own property. They had many rights that women in subsequent civilizations didn't ha‚Ä¶ https://t.co/aU6DxQeeaR",0.0,0.0,1.0,0.0,95
295,CNN,Sat Mar 10 13:01:06 +0000 2018,"""Dumpster fire"" is in the Merriam-Webster dictionary now, defined as ""an utterly calamitous or mismanaged situation‚Ä¶ https://t.co/60GM8iM45n",-0.4588,0.0,0.789,0.211,96
296,CNN,Sat Mar 10 12:31:53 +0000 2018,Thousands of dead starfish were found washed up on British shores https://t.co/oIGXDH5mhI https://t.co/5VqOSsvuqr,-0.6486,0.0,0.736,0.264,97
297,CNN,Sat Mar 10 12:01:06 +0000 2018,"Cecil the lion ""suffered incredible cruelty for at least 10 hours"" before he died, according to a lion researcher's‚Ä¶ https://t.co/nojuVmY238",-0.8934,0.0,0.599,0.401,98
298,CNN,Sat Mar 10 11:31:04 +0000 2018,"2,000 years ago, people watched as animals mysteriously died at the entrance to a grotto in modern-day Turkey that‚Ä¶ https://t.co/6fU1KnQyxK",-0.5574,0.0,0.833,0.167,99
299,CNN,Sat Mar 10 11:01:02 +0000 2018,The kind of floods we've only seen during storms might someday become regular events as sea levels rise due to glob‚Ä¶ https://t.co/IMDfqxFTkh,0.0,0.0,1.0,0.0,100
300,Fox,Sun Mar 11 06:15:00 +0000 2018,"Friends: excited for the long weekend!
Me: https://t.co/vPjwIGbbM4",0.6996,0.491,0.509,0.0,1
301,Fox,Sat Mar 10 08:34:51 +0000 2018,RT @lrnrd: THIS THREAD üçøüî•üôèüèªüëèüíØ https://t.co/vhfH4ETTC0,0.0,0.0,1.0,0.0,2
302,Fox,Sat Mar 10 06:41:48 +0000 2018,"RT @ChloeCondon: Booth recruiter üßî: ...and we really value diversity!

Me üëßüèº: Do you have any women's sized shirts?

üßî: Unfortunately no, t‚Ä¶",-0.2957,0.098,0.725,0.177,3
303,Fox,Fri Mar 09 06:19:04 +0000 2018,Amazing hosts for upcoming @CSSconfeu üíñ¬†https://t.co/pmtGtflroP,0.5859,0.432,0.568,0.0,4
304,Fox,Fri Mar 09 06:01:38 +0000 2018,Still wondering what companies that have less than 10% women (let alone POC) across the entire organisation (not on‚Ä¶ https://t.co/yIyuV9WkMS,-0.25,0.0,0.905,0.095,5
305,Fox,Fri Mar 09 02:43:33 +0000 2018,"Women‚Äôs Day isn‚Äôt an arbitrary date. 

It should be an ongoing celebration, empowerment and inclusion of all women‚Ä¶ https://t.co/5EJ63WQXL6",0.0,0.0,1.0,0.0,6
306,Fox,Fri Mar 09 02:39:36 +0000 2018,"RT @butwhoiskat: I‚Äôll be speaking (for the first time) next Thursday, at WDYK, on the ethics of design.

Wanna come support me?

https://t.‚Ä¶",0.4019,0.109,0.891,0.0,7
307,Fox,Fri Mar 09 02:25:31 +0000 2018,"@Double_Days Hey! Unfortunately, that‚Äôs not me :)",-0.6336,0.0,0.492,0.508,8
308,Fox,Fri Mar 09 01:16:08 +0000 2018,RT @void_daddy_: the future isnt female. the future is nonbinary it's genderfluid it's queer and it's trans it's natives rising up against‚Ä¶,0.0,0.0,1.0,0.0,9
309,Fox,Fri Mar 09 01:15:52 +0000 2018,"RT @soniagupta504: I'm starting to really understand the importance of psychological safety on developer teams. 

With it, you have a team‚Ä¶",0.6771,0.236,0.764,0.0,10
310,Fox,Fri Mar 09 00:59:44 +0000 2018,"RT @vboykis: Somewhere in the multiverse, this HN exists. https://t.co/bdk0sZeucF",0.0,0.0,1.0,0.0,11
311,Fox,Fri Mar 09 00:06:04 +0000 2018,"@ohhoe blocked because the truth was too stingy, the follow up james damore story",-0.34,0.128,0.611,0.261,12
312,Fox,Fri Mar 09 00:05:05 +0000 2018,RT @triketora: such a useful resource for founders to be able to find the anti-harassment policies and points of contact for the vc firms t‚Ä¶,0.4404,0.112,0.888,0.0,13
313,Fox,Thu Mar 08 23:42:03 +0000 2018,Hi friends! I‚Äôm looking for new opportunities to put my multidisciplinary skills to good use within a diverse organ‚Ä¶ https://t.co/Chl7QaEgSe,0.8356,0.357,0.643,0.0,14
314,Fox,Thu Mar 08 23:08:31 +0000 2018,@ANZ_AU You can email me at hi@thefox.is.,0.0,0.0,1.0,0.0,15
315,Fox,Thu Mar 08 22:20:51 +0000 2018,"@Mandy_Kerr Back at you, Mandy! You‚Äôre amazing! ‚ú®",0.658,0.422,0.578,0.0,16
316,Fox,Thu Mar 08 22:20:32 +0000 2018,@happycrappie thank you!,0.4199,0.583,0.417,0.0,17
317,Fox,Thu Mar 08 21:27:38 +0000 2018,"RT @shailjapatel: Read women.
Cite women.
Credit women.

Teach women.
Publish women.
Present women.

Acknowledge women.
Award women.
Amplif‚Ä¶",0.7269,0.264,0.736,0.0,18
318,Fox,Thu Mar 08 21:26:51 +0000 2018,"RT @EricaJoy: Men! Celebrate #InternationalWomensDay by taking direct action:
üåü Tell the women you work with how much you get paid.
üåü If yo‚Ä¶",0.6114,0.16,0.84,0.0,19
319,Fox,Thu Mar 08 08:57:37 +0000 2018,Another release of @jsconfeu tickets is happening in a few minutes and you don‚Äôt want to miss out. https://t.co/MX1CYi6kiK,-0.0772,0.069,0.847,0.085,20
320,Fox,Thu Mar 08 08:32:47 +0000 2018,"Everything about this‚Äî‚Äùthe absence of no is not consent.‚Äù

https://t.co/58usW9cFxH",-0.296,0.0,0.804,0.196,21
321,Fox,Thu Mar 08 07:42:40 +0000 2018,"Don‚Äôt try to shame me for your lack of professionalism and overconfident behaviour. 

Tl:dr; don‚Äôt work for @ANZ_AU.",-0.6597,0.0,0.748,0.252,22
322,Fox,Thu Mar 08 07:39:19 +0000 2018,"I told her how offensive and exclusionary those things were. Her reply:

‚ÄùI'm disappointed with your interpretation‚Ä¶ https://t.co/diQiVBdLF0",-0.7269,0.0,0.711,0.289,23
323,Fox,Thu Mar 08 07:23:41 +0000 2018,I got emailed by someone at @ANZ_AU who not only insinuated that I‚Äôm after ‚Äùfancy titles‚Äù after I said I want to dr‚Ä¶ https://t.co/kpCyQY3i1z,0.0772,0.061,0.939,0.0,24
324,Fox,Thu Mar 08 02:54:19 +0000 2018,"@theroyals hey, thanks but that doesn‚Äôt sound like me, and I find a bunch of the language on your site problematic.",0.09,0.208,0.639,0.154,25
325,Fox,Thu Mar 08 02:52:30 +0000 2018,"I think I‚Äôm going to collect ‚Äúthe best‚Äù team pages and toxic statements I see when looking for a new role. Already seen so many.

ü§¢",0.0,0.0,1.0,0.0,26
326,Fox,Thu Mar 08 02:50:10 +0000 2018,"@Catharz Thanks! I‚Äôve interviewed in the past, but unfortunately, it didn‚Äôt fulfil my requirements on diversity and inclusion.",-0.3489,0.091,0.75,0.159,27
327,Fox,Thu Mar 08 02:46:52 +0000 2018,"@s_mcleod üëãüèª thanks! unfortunately, I think I‚Äôm mostly looking to steer away from traditional front-end roles to so‚Ä¶ https://t.co/VJ18W89w3A",0.2003,0.148,0.741,0.111,28
328,Fox,Thu Mar 08 02:38:56 +0000 2018,@stephenbelanger üëãüèª Elastic has been recommended to me several times now. I would be keen to chat to someone. Would‚Ä¶ https://t.co/YOKEU5HWVf,0.5106,0.193,0.807,0.0,29
329,Fox,Thu Mar 08 02:30:05 +0000 2018,"@mikerapp haha, please feel free to. I was inspired by wonderful @lrnrd :)",0.9552,0.755,0.245,0.0,30
330,Fox,Thu Mar 08 02:29:38 +0000 2018,"@d2kagw @camplexer üëãüèª  sure! would you be able to drop a line at hi@thefox.is with more details, please?",0.4714,0.243,0.658,0.099,31
331,Fox,Thu Mar 08 02:27:14 +0000 2018,"@breskeby hey, thanks! unfortunately, I don‚Äôt want to pursue the path of a front/JS developer so it wouldn‚Äôt be a good fit :)",0.8588,0.44,0.478,0.082,32
332,Fox,Thu Mar 08 00:49:51 +0000 2018,@superhighfives Which park is this?!,0.0,0.0,1.0,0.0,33
333,Fox,Thu Mar 08 00:38:56 +0000 2018,"@maxvoltar Heh, got too excited and didn‚Äôt notice the ‚ÄúUS remote‚Äù. Forever sad face of not willing to relocate to San Francisco. 

üò≠",-0.3182,0.092,0.728,0.18,34
334,Fox,Thu Mar 08 00:38:08 +0000 2018,@maxvoltar @goabstract Oh hi hello üëãüèª https://t.co/3xme16xAIz,0.0,0.0,1.0,0.0,35
335,Fox,Thu Mar 08 00:37:27 +0000 2018,"RT @amberdawn: The product I've been working on launched today! @begin is a new way to handle tasking - create tasks, pick the one you're f‚Ä¶",0.4389,0.15,0.85,0.0,36
336,Fox,Wed Mar 07 23:35:58 +0000 2018,"@sara_ann_marie I have failed at this multiple times before, but I try my best to step out of my white cis privileg‚Ä¶ https://t.co/0Ooul9WLgq",0.6858,0.215,0.705,0.08,37
337,Fox,Wed Mar 07 23:30:24 +0000 2018,"Having the audacity to talk about diversity and have a bunch of cis, able-bodied, white women is just eternally amazing.",0.5859,0.174,0.826,0.0,38
338,Fox,Wed Mar 07 23:26:16 +0000 2018,The all white women panel is the new all-male panel. https://t.co/xDGHNGWC49,0.0,0.0,1.0,0.0,39
339,Fox,Wed Mar 07 23:17:40 +0000 2018,RT @sara_ann_marie: We're working on getting @noyougoshow in front of new audiences‚Äîwhere do y'all think we should be featured? Orgs we sho‚Ä¶,0.0,0.0,1.0,0.0,40
340,Fox,Wed Mar 07 23:17:27 +0000 2018,"@dantoml *nods*

Or no careers page, no benefits, no process explained, nothing.",-0.4588,0.151,0.465,0.384,41
341,Fox,Wed Mar 07 23:15:16 +0000 2018,I don‚Äôt know if the majority of men realise the magnitude of mental energy needed to find a job as a member of an u‚Ä¶ https://t.co/xCUFjAE2UD,0.2732,0.087,0.913,0.0,42
342,Fox,Wed Mar 07 23:06:44 +0000 2018,Looking for a job makes me realise how little has changed in the tech industry as I browse through countless almost‚Ä¶ https://t.co/HbM885Ah1k,0.0,0.0,1.0,0.0,43
343,Fox,Wed Mar 07 22:27:26 +0000 2018,"RT @fox: üö®üëãüèª Hi everyone! I‚Äôm searching for new opportunities. 

I‚Äôm looking for multidisciplinary product, front-end and leadership roles.‚Ä¶",0.4389,0.138,0.862,0.0,44
344,Fox,Wed Mar 07 21:44:50 +0000 2018,"Oh look, it‚Äôs the show off your women to avoid getting called out day!",-0.3595,0.0,0.839,0.161,45
345,Fox,Wed Mar 07 19:54:53 +0000 2018,@DevelopSean Thanks Sean! I appreciate it.,0.7088,0.663,0.337,0.0,46
346,Fox,Wed Mar 07 09:45:02 +0000 2018,@mr_lundis Ah. It sounded like it‚Äôs only on site. I‚Äôll have a look!,0.4199,0.202,0.798,0.0,47
347,Fox,Wed Mar 07 09:43:47 +0000 2018,@mr_lundis Sounds interesting but I‚Äôm in Australia and not relocating :),-0.3335,0.131,0.64,0.229,48
348,Fox,Wed Mar 07 09:39:32 +0000 2018,"@peres Thank you, but I‚Äôm not looking to relocate. :)",0.6956,0.418,0.582,0.0,49
349,Fox,Wed Mar 07 09:36:36 +0000 2018,@limbera I didn‚Äôt see it at all! Would you mind sharing some details through email?,0.4753,0.192,0.808,0.0,50
350,Fox,Wed Mar 07 09:35:30 +0000 2018,@tjalve Nope :),0.4588,0.6,0.4,0.0,51
351,Fox,Wed Mar 07 08:28:30 +0000 2018,Hi European friends üëãüèª I‚Äôm looking for a new job. Find more details below. ‚¨áÔ∏è https://t.co/3xme16Pc79,0.4767,0.181,0.819,0.0,52
352,Fox,Wed Mar 07 06:33:15 +0000 2018,@z_rose Hey! You can email hi at https://t.co/vah0lKuzCY.,0.0,0.0,1.0,0.0,53
353,Fox,Wed Mar 07 05:00:04 +0000 2018,What I‚Äôve learned over the years is that often denying lack of inclusion is much worse than being honestly exclusionary.,-0.5859,0.112,0.597,0.291,54
354,Fox,Wed Mar 07 04:55:54 +0000 2018,"You are right, there are 6% (7/101 instructors) of women instructors judging based on https://t.co/2JyuREYsYu (pron‚Ä¶ https://t.co/JtEKL6cacH",0.0,0.0,1.0,0.0,55
355,Fox,Wed Mar 07 04:47:06 +0000 2018,"RT @sara_ann_marie: 4. If an organizer doesn't know where to find more diverse speakers, ask them why not. How do they find speakers now? W‚Ä¶",0.0,0.0,1.0,0.0,56
356,Fox,Wed Mar 07 04:47:01 +0000 2018,"RT @sara_ann_marie: Specific things I do:
1. Ask organizers what they're doing to ensure a diverse lineup. 
2. Listen closely to the answer‚Ä¶",0.3818,0.115,0.885,0.0,57
357,Fox,Wed Mar 07 04:41:52 +0000 2018,"RT @CharlotteAlter: Bumble expels anyone who uses hate speech, has a 0 tolerance harassment policy, regularly removes trolls, and is now ba‚Ä¶",-0.8225,0.079,0.571,0.35,58
358,Fox,Wed Mar 07 04:20:11 +0000 2018,@brianleroux @benschwarz Paging @jahoni üòÇ,0.0,0.0,1.0,0.0,59
359,Fox,Wed Mar 07 03:56:25 +0000 2018,@twholman How do I live up to this now üòÇ thank you!,0.4199,0.237,0.763,0.0,60
360,Fox,Wed Mar 07 03:54:49 +0000 2018,@DevelopSean indeed! Thank you!,0.4738,0.507,0.493,0.0,61
361,Fox,Wed Mar 07 02:31:05 +0000 2018,@DevelopSean @InVisionApp Anyone I could talk to? :),0.4588,0.333,0.667,0.0,62
362,Fox,Wed Mar 07 01:45:38 +0000 2018,@jennschiffer Beautiful art boobs. Congrats! üëèüèª,0.8221,0.655,0.345,0.0,63
363,Fox,Wed Mar 07 01:41:24 +0000 2018,"Also, if you have recommendations or can introduce me to good people, please do! üôáüèª‚Äç‚ôÄÔ∏è",0.6696,0.297,0.703,0.0,64
364,Fox,Wed Mar 07 01:39:26 +0000 2018,"@malchata Thank you, Jeremy! üå∏",0.4199,0.482,0.518,0.0,65
365,Fox,Wed Mar 07 01:39:08 +0000 2018,"@Folletto It could be an option, could you introduce me to anyone I can talk to? :)",0.4588,0.167,0.833,0.0,66
366,Fox,Wed Mar 07 00:04:33 +0000 2018,"@frameshiftllc Oh, I have never seen any examples of such transparency. Thank you for sharing!",0.68,0.318,0.682,0.0,67
367,Fox,Tue Mar 06 23:58:16 +0000 2018,@emanuil_tolev Thank you Emanuil!,0.4199,0.482,0.518,0.0,68
368,Fox,Tue Mar 06 23:57:53 +0000 2018,@saltnburnem Thank you for your kind words!,0.7345,0.553,0.447,0.0,69
369,Fox,Tue Mar 06 23:57:37 +0000 2018,"@andymcmillan üò≠

Thank you, Andy! üíê",0.4199,0.482,0.518,0.0,70
370,Fox,Tue Mar 06 23:31:16 +0000 2018,"üö®üëãüèª Hi everyone! I‚Äôm searching for new opportunities. 

I‚Äôm looking for multidisciplinary product, front-end and le‚Ä¶ https://t.co/0T3EgXuCMK",0.4389,0.153,0.847,0.0,71
371,Fox,Tue Mar 06 22:36:40 +0000 2018,"@jenistyping Yep, I‚Äôm seeing a lot of people charging and making decent money, not giving back to the community or‚Ä¶ https://t.co/rNdb3tSwf5",0.0423,0.099,0.809,0.092,72
372,Fox,Tue Mar 06 10:39:55 +0000 2018,"RT @uveavanto: Saw these, thought I would share. https://t.co/XXisevHRrz",0.296,0.239,0.761,0.0,73
373,Fox,Tue Mar 06 10:38:14 +0000 2018,RT @QVWCmelb: ‚ÄòWe all care. How do we translate that into action? The data shows that we won‚Äôt get to gender pay equity for another 50 year‚Ä¶,0.4215,0.108,0.845,0.047,74
374,Fox,Tue Mar 06 07:49:18 +0000 2018,RT @QVWCmelb: ‚ÄòIn 2018 we shouldn‚Äôt be talking about STEM education. We should be talking about algorithm design. It‚Äôs a human right and sh‚Ä¶,0.0,0.0,1.0,0.0,75
375,Fox,Tue Mar 06 06:29:05 +0000 2018,"RT @MandelaSH: 9 in 10 VCs are White and Asian men
9 in 10 VC-backed founders are White and Asian men
Coincidence? ü§î",0.0,0.0,1.0,0.0,76
376,Fox,Tue Mar 06 01:15:21 +0000 2018,RT @ikasliwal: A hard truth about women's spaces in Slack https://t.co/NBjHCGD3yN,0.2263,0.197,0.684,0.12,77
377,Fox,Tue Mar 06 01:14:33 +0000 2018,"RT @aahunsberger: Words matter. I have been called all these things. 

I am not aggressive. I am assertive - I know what i want. 
I am not‚Ä¶",0.2129,0.184,0.816,0.0,78
378,Fox,Tue Mar 06 00:01:31 +0000 2018,"When your neighbourhood coffee shop plays Jungle (loud) and brings you bottomless filter. ‚ù§Ô∏è

https://t.co/8pq3hOhZF7",0.25,0.125,0.875,0.0,79
379,Fox,Mon Mar 05 23:30:12 +0000 2018,"Claiming care and commitment to diversity and inclusion, charging for tickets, having sponsors but NOT PAYING speak‚Ä¶ https://t.co/WVbD6YOw9r",0.4404,0.196,0.804,0.0,80
380,Fox,Mon Mar 05 23:27:14 +0000 2018,Any diversity and inclusion event not paying their speakers is perpetuating systems of injustice and the precedent‚Ä¶ https://t.co/N7mARvzGJf,-0.5719,0.0,0.821,0.179,81
381,Fox,Mon Mar 05 23:24:01 +0000 2018,Evergreen mood. https://t.co/46SrAc4PKY,0.0,0.0,1.0,0.0,82
382,Fox,Mon Mar 05 23:18:56 +0000 2018,"RT @projectinclude: Did you know: the pay gap between white women and women of color is the fastest growing income inequality there is, acc‚Ä¶",0.0772,0.068,0.876,0.056,83
383,Fox,Mon Mar 05 20:53:25 +0000 2018,@ohhoe I have called out that guy multiple times and all I got was hostile snark. I wouldn‚Äôt expect much from him a‚Ä¶ https://t.co/3fzrczcPHj,-0.3818,0.0,0.885,0.115,84
384,Fox,Mon Mar 05 07:21:53 +0000 2018,I think my level of stress and exhaustion warrants a silent yoga and meditation retreat,-0.5423,0.105,0.585,0.31,85
385,Fox,Mon Mar 05 07:13:40 +0000 2018,@vaurorapub @sw All I ask is one day when I don‚Äôt have to bend backwards to prove I‚Äôm ‚Äúworthy‚Äù and ‚Äúexceptional‚Äù,0.0,0.0,1.0,0.0,86
386,Fox,Mon Mar 05 07:12:10 +0000 2018,"@decryption The NYT article is horrible and doing a massive disservice. Nonetheless, research about the founders is‚Ä¶ https://t.co/2ofMnMgbDT",-0.5423,0.0,0.821,0.179,87
387,Fox,Mon Mar 05 06:55:03 +0000 2018,"@sw Truth. I got used to the term, but I should ditch it.",0.1655,0.142,0.858,0.0,88
388,Fox,Mon Mar 05 06:37:09 +0000 2018,"@notwaldorf The amount of white, privileged feminism I see is as disturbing as Twitter feminism bios. Sob.

Actions and allyship or leave.",-0.3818,0.11,0.644,0.246,89
389,Fox,Mon Mar 05 06:36:44 +0000 2018,@ezyjules ughhhhhhhhh,0.0,0.0,1.0,0.0,90
390,Fox,Mon Mar 05 06:35:06 +0000 2018,"This, with a special dedication for white, privileged, non-intersectional feminists. https://t.co/UwPxpfnUej",0.6808,0.412,0.588,0.0,91
391,Fox,Mon Mar 05 06:33:54 +0000 2018,"@decryption You also haven‚Äôt done your homework to check who actually the person running Lumineer is, because if yo‚Ä¶ https://t.co/Flb13H9M65",0.0,0.0,1.0,0.0,92
392,Fox,Mon Mar 05 06:33:16 +0000 2018,@decryption Hi Anthony. I‚Äôm really disappointed in the Sizzle. You‚Äôve written a horribly harmful piece of content a‚Ä¶ https://t.co/kpTJ9RhcI3,-0.7778,0.0,0.702,0.298,93
393,Fox,Mon Mar 05 06:26:21 +0000 2018,"RT @notwaldorf: At some point in my 30s I became a party pooper feminist. Inclusion is more than straight white women. It‚Äôs trans women, bl‚Ä¶",0.5965,0.189,0.811,0.0,94
394,Fox,Mon Mar 05 05:18:28 +0000 2018,Reality comes at you fast. https://t.co/FYdgWyz6Ww,0.0,0.0,1.0,0.0,95
395,Fox,Mon Mar 05 02:01:34 +0000 2018,"@ellehardytweets @sw has been advocating &amp; working against exclusionary, toxic tech culture for decades (here‚Äôs a p‚Ä¶ https://t.co/NbdO7yxlYw",0.0,0.0,1.0,0.0,96
396,Fox,Mon Mar 05 00:48:47 +0000 2018,"RT @meelijane: Know any women looking to make a jump into UX? @codelikeagirlau and @academyxi are joining forces to offer a sweet $10K, 10-‚Ä¶",0.4588,0.125,0.875,0.0,97
397,Fox,Mon Mar 05 00:27:32 +0000 2018,@superhighfives I need beach in my life stat,0.0,0.0,1.0,0.0,98
398,Fox,Sun Mar 04 23:39:43 +0000 2018,"Number of times I got asked to provide D&amp;I advice: countless.

Number of times I gave actionable D&amp;I advice for fre‚Ä¶ https://t.co/81UejD06DI",0.1531,0.126,0.874,0.0,99
399,nytimes,Sun Mar 11 17:24:34 +0000 2018,"RT @maureendowd: Rebecca Miller makes a movie, grappling with her father's legacy, her hidden brother, and, inevitably, Marilyn Monroe.

ht‚Ä¶",0.0,0.0,1.0,0.0,1
400,nytimes,Sun Mar 11 17:16:00 +0000 2018,"Bono apologized and said he was ""furious"" after former employees of a charity he co-founded accused managers of bul‚Ä¶ https://t.co/N1Rkdf8Qjo",0.4404,0.219,0.687,0.094,2
401,nytimes,Sun Mar 11 17:01:05 +0000 2018,The program was intended to reintegrate soldiers into civilian life. Friday‚Äôs shooting at a California veterans hom‚Ä¶ https://t.co/sHRPr4f1Sb,0.0,0.0,1.0,0.0,3
402,nytimes,Sun Mar 11 16:46:02 +0000 2018,GAAAAAAHHH! https://t.co/RY2PFkqU5Y,0.0,0.0,1.0,0.0,4
403,nytimes,Sun Mar 11 16:31:08 +0000 2018,"RT @MujMash: Around this time 2001 the Taliban destroyed the Bamiyan Buddhas.
Their frames still stand tall in the valley.
‚ÄúThe Buddhas wer‚Ä¶",-0.4939,0.0,0.873,0.127,5
404,nytimes,Sun Mar 11 16:16:09 +0000 2018,Trump‚Äôs seemingly unstoppable series of erratic moves has helped cast China as the more stable power in Asia https://t.co/w0KT9IUqe7,0.1761,0.117,0.798,0.085,6
405,nytimes,Sun Mar 11 16:01:08 +0000 2018,We want to hear how college students handle consent for sexual intimacy in relationships and encounters https://t.co/FRVOuFyp23,0.296,0.176,0.824,0.0,7
406,nytimes,Sun Mar 11 15:46:02 +0000 2018,President Xi Jinping has set China on course to follow his hard-line authoritarian rule far into the future https://t.co/ZNBzhGP6KQ,0.0,0.0,1.0,0.0,8
407,nytimes,Sun Mar 11 15:31:05 +0000 2018,"RT @malika_andrews: It‚Äôs selection Sunday! After a season riddled with setbacks, Louisville believes it has done enough to have its name ca‚Ä¶",0.0,0.0,1.0,0.0,9
408,nytimes,Sun Mar 11 15:16:03 +0000 2018,Stephen Bannon and Marine Le Pen met in a symbolic embrace in France. It was not clear whether the encounter would‚Ä¶ https://t.co/VOsQfDpp1a,0.0299,0.098,0.809,0.093,10
409,nytimes,Sun Mar 11 15:05:13 +0000 2018,"Charmaine Pruitt, a black evangelical, thought she had found a spiritual home at a white-majority church. Then came‚Ä¶ https://t.co/2jhkWQoKpo",0.0,0.0,1.0,0.0,11
410,nytimes,Sun Mar 11 14:46:04 +0000 2018,Trump has staked his reputation as a deal maker on the presumption that he can personally achieve what no other pre‚Ä¶ https://t.co/uoydgUbADf,-0.296,0.0,0.901,0.099,12
411,nytimes,Sun Mar 11 14:31:06 +0000 2018,In an effort to better understand the top chief executives ‚Äî where they‚Äôre coming from and how they deal with the c‚Ä¶ https://t.co/0F3Errf58a,0.5719,0.19,0.81,0.0,13
412,nytimes,Sun Mar 11 14:17:01 +0000 2018,"RT @motokorich: For Asia, Trump's willingness to meet Kim Jong-un averts--at least for now--the threat of nuclear conflict. Then again, the‚Ä¶",-0.5574,0.081,0.698,0.221,14
413,nytimes,Sun Mar 11 14:01:43 +0000 2018,"Modern Love: ""From the moment our daughter wakes to the moment she goes to sleep, we are engaged in a waltz with pe‚Ä¶ https://t.co/1GLvH9ouWQ",0.7845,0.247,0.753,0.0,15
414,nytimes,Sun Mar 11 13:45:07 +0000 2018,Here are some of the highlights of the past week https://t.co/gSh2fxDPD8,0.0,0.0,1.0,0.0,16
415,nytimes,Sun Mar 11 13:41:06 +0000 2018,Bono Apologizes as Accusations of Abuse Hit Charity He Co-Founded https://t.co/qhfChDlonA,-0.296,0.282,0.372,0.346,17
416,nytimes,Sun Mar 11 13:15:06 +0000 2018,"Stephen Bannon, the exiled Trump adviser, is done wrecking the American establishment. His next mission? Training E‚Ä¶ https://t.co/5vhAFL7cWy",0.0,0.0,1.0,0.0,18
417,nytimes,Sun Mar 11 12:45:03 +0000 2018,President Trump is in discussions with a lawyer who represented Bill Clinton during the impeachment process about j‚Ä¶ https://t.co/yQWnJirGpP,0.0,0.0,1.0,0.0,19
418,nytimes,Sun Mar 11 12:15:03 +0000 2018,"The Kushner and Trump families have been stepping up their real estate collaborations, blurring the line between fa‚Ä¶ https://t.co/wjU7n0cpbW",0.0,0.0,1.0,0.0,20
419,nytimes,Sun Mar 11 12:06:03 +0000 2018,"Contributing Op-Ed Writer: YouTube, the Great Radicalizer https://t.co/DYj4CcKsD9",0.6249,0.369,0.631,0.0,21
420,nytimes,Sun Mar 11 12:00:13 +0000 2018,"Emily Warren Roebling was not an engineer. But when her husband fell ill, she oversaw the construction and completi‚Ä¶ https://t.co/7Ggw4LPRdk",-0.4215,0.0,0.872,0.128,22
421,nytimes,Sun Mar 11 11:45:02 +0000 2018,Midwestern farmers could become collateral damage from retaliation against American tariffs https://t.co/fePAD3pZ7T,-0.4939,0.0,0.775,0.225,23
422,nytimes,Sun Mar 11 11:15:05 +0000 2018,‚ÄúThese regulations were written with human blood.‚Äù Safety rules adopted after the Deepwater Horizon disaster are a‚Ä¶ https://t.co/lRxMuPECzk,-0.3182,0.122,0.699,0.179,24
423,nytimes,Sun Mar 11 10:50:06 +0000 2018,Prime Minister Justin Trudeau of Canada has appointed the first permanent female leader of the Royal Canadian Mount‚Ä¶ https://t.co/R4AReaxMxU,0.0,0.0,1.0,0.0,25
424,nytimes,Sun Mar 11 10:31:39 +0000 2018,"In Chile, a Billionaire Takes the Reins From a Socialist, Again https://t.co/wiFa3t6bzK",0.0,0.0,1.0,0.0,26
425,nytimes,Sun Mar 11 10:23:38 +0000 2018,"The worlds of drug marketing and TV entertainment are blurring. Take a look at a recent episode of ""black-ish."" https://t.co/KvyFSyAIUO",0.4215,0.141,0.859,0.0,27
426,nytimes,Sun Mar 11 10:05:10 +0000 2018,Donald Trump‚Äôs election shook one Ohio man so badly he swore off all political news. But what are the ethics of ign‚Ä¶ https://t.co/srVJ0dS1Pn,-0.6588,0.0,0.796,0.204,28
427,nytimes,Sun Mar 11 09:59:54 +0000 2018,"On College Basketball: As N.C.A.A. Field Comes Together, Integrity Is on the Bubble https://t.co/ai34W61OpN",0.3818,0.167,0.833,0.0,29
428,nytimes,Sun Mar 11 09:56:16 +0000 2018,‚ÄòSaturday Night Live‚Äô Parodies ‚ÄòThe Bachelor‚Äô With Another Kind of Breakup https://t.co/32ZNhuG68s,0.0,0.0,1.0,0.0,30
429,nytimes,Sun Mar 11 09:33:44 +0000 2018,G.O.P. Rushed to Pass Tax Overhaul. Now It May Need to Be Altered. https://t.co/8GV1VyeNY1,0.0,0.0,1.0,0.0,31
430,nytimes,Sun Mar 11 09:26:23 +0000 2018,"Vows: From Crayons to Chemo, He‚Äôs Back by Her Side https://t.co/khs9VanuQm",0.0,0.0,1.0,0.0,32
431,nytimes,Sun Mar 11 09:22:46 +0000 2018,"City Kitchen: A Take on Shepherd‚Äôs Pie, Straight From the Farm https://t.co/H5d5NlBJgC",0.2263,0.16,0.84,0.0,33
432,nytimes,Sun Mar 11 09:15:40 +0000 2018,How Do You Teach People to Love Difficult Music? https://t.co/pGIZHTO278,0.4019,0.286,0.544,0.17,34
433,nytimes,Sun Mar 11 09:11:57 +0000 2018,"At the Hayden Planetarium, a Joyride Across the Cosmos https://t.co/WNi6IWjjJp",0.2732,0.208,0.792,0.0,35
434,nytimes,Sun Mar 11 09:11:12 +0000 2018,"In Opinion

Op-Ed contributors John McCain and Angelina Jolie write, ""Around the world, there is profound concern t‚Ä¶ https://t.co/vVHUdWVe0o",0.0,0.0,1.0,0.0,36
435,nytimes,Sun Mar 11 08:54:01 +0000 2018,President Trump will convene with a group of leaders who have criticized his statements and policies on immigration https://t.co/nv9rMEIPon,-0.3612,0.0,0.872,0.128,37
436,nytimes,Sun Mar 11 08:50:24 +0000 2018,China‚Äôs Xi Wins Constitutional Backing for New Strongman Era https://t.co/M3WNKiEPkv,0.6705,0.481,0.519,0.0,38
437,nytimes,Sun Mar 11 08:32:10 +0000 2018,"If you‚Äôre worried about the stock market, find someone to give you a hug. Let us explain. https://t.co/Ba4T4wFNT7",0.2263,0.153,0.739,0.108,39
438,nytimes,Sun Mar 11 08:16:01 +0000 2018,"""I'm a little rusty, but it doesn't matter,"" Serena Williams said to the crowd. ""I'm just out here on this journey‚Ä¶ https://t.co/7oUOEYBDZa",0.0,0.0,1.0,0.0,40
439,nytimes,Sun Mar 11 07:58:03 +0000 2018,Some British schools are encouraging riskier play to build resilience and grit https://t.co/cCkagvGTHw,0.5267,0.319,0.549,0.132,41
440,nytimes,Sun Mar 11 07:28:49 +0000 2018,What to Pack for 36 Hours in Auckland https://t.co/R8wXEH8Hpw,0.0,0.0,1.0,0.0,42
441,nytimes,Sun Mar 11 07:15:08 +0000 2018,Ida B. Wells is considered by historians to have been the most famous black woman in the U.S. during her lifetime.‚Ä¶ https://t.co/aoFduRNlyR,0.25,0.087,0.913,0.0,43
442,nytimes,Sun Mar 11 06:51:30 +0000 2018,Make this pot of red beans and rice https://t.co/ABJjSxsnMw https://t.co/yjmbAmYqM9,0.0,0.0,1.0,0.0,44
443,nytimes,Sun Mar 11 06:32:55 +0000 2018,"Michael B. Jordan says his company will adopt inclusion riders, the diversity effort championed by Frances McDorman‚Ä¶ https://t.co/MNdDFuMVIt",0.4404,0.196,0.804,0.0,45
444,nytimes,Sun Mar 11 06:16:02 +0000 2018,"Mired in poverty not long ago, Ghana‚Äôs economic growth is on track to outpace India‚Äôs https://t.co/lJpEBXU7cn",-0.1779,0.131,0.704,0.166,46
445,nytimes,Sun Mar 11 05:58:05 +0000 2018,"Sensing a power grab in China by President Xi Jinping, Chinese students in the U.S. are showing signs of activism f‚Ä¶ https://t.co/QImdvZPUZp",0.0,0.0,1.0,0.0,47
446,nytimes,Sun Mar 11 05:36:41 +0000 2018,From everyone cares and everything matters to no one cares and nothing matters. Here are 25 songs that tell us wher‚Ä¶ https://t.co/wufZ5kGonc,0.6124,0.299,0.62,0.08,48
447,nytimes,Sun Mar 11 05:18:03 +0000 2018,Clocks spring forward this weekend. Florida never wants them to fall back. https://t.co/AhBfQGFt3t,0.0,0.0,1.0,0.0,49
448,nytimes,Sun Mar 11 05:00:37 +0000 2018,"Fake news on Twitter is 70% more likely to be shared than the truth, researchers at MIT found https://t.co/PDx3HOmyfE",0.1531,0.197,0.672,0.13,50
449,nytimes,Sun Mar 11 04:41:27 +0000 2018,Peter Thiel is leaving Silicon Valley. Will others? https://t.co/0srODDzsRg,0.0,0.0,1.0,0.0,51
450,nytimes,Sun Mar 11 04:24:14 +0000 2018,"The sickle cell mutation arose 7,300 years ago in just one person in West Africa, scientists say. Its purpose: a sh‚Ä¶ https://t.co/qpYVUarVZJ",0.0,0.0,1.0,0.0,52
451,nytimes,Sun Mar 11 04:04:46 +0000 2018,A Horse Walked Into a Miami Beach Nightclub. Now Nobody Else Can. https://t.co/kaw0IMzBga,0.0,0.0,1.0,0.0,53
452,nytimes,Sun Mar 11 03:51:34 +0000 2018,"Amazon says it has figured out why its digital assistant, Alexa, has been mysteriously laughing for some users https://t.co/zE07cpOBNV",0.5994,0.224,0.776,0.0,54
453,nytimes,Sun Mar 11 03:33:31 +0000 2018,Violence Strikes a Veterans Program That Strove to Prevent It https://t.co/hvCn5WOiIc,-0.7579,0.075,0.476,0.449,55
454,nytimes,Sun Mar 11 03:22:13 +0000 2018,"‚ÄúWe need your help,‚Äù a waitress in a small town whispered to our reporter. Here's what's happening in Madison, Indi‚Ä¶ https://t.co/aLpZcnQdEX",0.0,0.0,1.0,0.0,56
455,nytimes,Sun Mar 11 03:02:17 +0000 2018,"Adam Rippon: ""I kind of have a feeling that I‚Äôve used the Olympics to get myself to meet the world"" https://t.co/prxur7Ha0U",0.128,0.073,0.927,0.0,57
456,nytimes,Sun Mar 11 02:46:01 +0000 2018,It‚Äôs True: False News Spreads Faster and Wider. And Humans Are to Blame. https://t.co/1tpUTE8QV5,0.1027,0.163,0.698,0.14,58
457,nytimes,Sun Mar 11 02:35:51 +0000 2018,"‚ÄúIt‚Äôs sort of disheartening at first to realize how much we humans are responsible,"" one MIT researcher said of fal‚Ä¶ https://t.co/6oZXCa5Frp",-0.4754,0.0,0.866,0.134,59
458,nytimes,Sun Mar 11 02:15:05 +0000 2018,"‚ÄúSomebody must show that the Afro-American race is more sinned against than sinning, and it seems to have fallen up‚Ä¶ https://t.co/Qq9akMXkLy",-0.3612,0.0,0.889,0.111,60
459,nytimes,Sun Mar 11 01:45:50 +0000 2018,"After reigning atop the music industry for a decade, Taylor Swift suddenly seems under review https://t.co/3TNDXjLIby",0.2023,0.114,0.886,0.0,61
460,nytimes,Sun Mar 11 01:26:47 +0000 2018,Over the years Frida Kahlo has been associated with a number of unlikely products. But what about a Barbie doll? https://t.co/hmiWCz6VQN,0.0772,0.067,0.933,0.0,62
461,nytimes,Sun Mar 11 01:09:44 +0000 2018,"California Police Officer Killed by Barricaded Gunman, Officials Say https://t.co/r6b4hyKEL3",-0.6705,0.0,0.667,0.333,63
462,nytimes,Sun Mar 11 01:02:02 +0000 2018,The excavation of Rome‚Äôs newest subway line has been the gift that keeps on giving for archaeologists https://t.co/cU0L1MwWU1,0.6486,0.249,0.751,0.0,64
463,nytimes,Sun Mar 11 00:43:23 +0000 2018,Opinion: Eyes Here: Weekend Reads From the Opinion Section https://t.co/ANpEESonA0,0.0,0.0,1.0,0.0,65
464,nytimes,Sun Mar 11 00:36:51 +0000 2018,An elaborate system has developed to silence women who level accusations against powerful men. One of those women i‚Ä¶ https://t.co/4Dmxpjsgi8,0.128,0.121,0.779,0.1,66
465,nytimes,Sun Mar 11 00:16:18 +0000 2018,The Unbearable Cuteness of Maternity Overalls https://t.co/pfOpGxSbfr,0.5106,0.355,0.645,0.0,67
466,nytimes,Sun Mar 11 00:11:17 +0000 2018,Here‚Äôs Cardi B‚Äôs ‚ÄúBodak Yellow‚Äù and your 3 minutes 44 seconds of frankness in a year of feminist pandering https://t.co/YVZ4Ae8ODr,0.0,0.0,1.0,0.0,68
467,nytimes,Sat Mar 10 23:50:27 +0000 2018,The ground around San Francisco Bay is sinking to meet the rising sea https://t.co/XOOxtmWNq4,0.0,0.0,1.0,0.0,69
468,nytimes,Sat Mar 10 23:30:13 +0000 2018,Conversations about sex and consent are especially urgent on college campuses. So let‚Äôs talk.‚Ä¶ https://t.co/C3TkIYwa4O,0.4576,0.235,0.765,0.0,70
469,nytimes,Sat Mar 10 23:15:30 +0000 2018,A Ballet Score? Not Such a Stretch for the Pet Shop Boys https://t.co/3nWpUjVpc3,0.0,0.0,1.0,0.0,71
470,nytimes,Sat Mar 10 23:15:04 +0000 2018,"In Opinion

Op-Ed contributor Rania Abouzeid writes, ""Were his old extremist ideas merely dormant, awaiting activat‚Ä¶ https://t.co/QVqFjvudsA",0.0,0.0,1.0,0.0,72
471,nytimes,Sat Mar 10 23:00:15 +0000 2018,Saturday playlist: the 12 new songs you need to hear https://t.co/JENBAmj4JQ,0.0,0.0,1.0,0.0,73
472,nytimes,Sat Mar 10 22:45:04 +0000 2018,Trump‚Äôs seemingly unstoppable series of erratic moves has helped cast China as the more stable power in Asia https://t.co/TuHgOajWOE,0.1761,0.117,0.798,0.085,74
473,nytimes,Sat Mar 10 22:30:11 +0000 2018,Millennials are going to great lengths to bring plant life into their homes and work spaces https://t.co/5gpI7gA4mW,0.6249,0.204,0.796,0.0,75
474,nytimes,Sat Mar 10 22:15:05 +0000 2018,"In Opinion

The editorial board writes, ""Nonvoters aren‚Äôt protesting anything; they‚Äôre just putting their lives and‚Ä¶ https://t.co/1PbDgInQwv",-0.4215,0.0,0.851,0.149,76
475,nytimes,Sat Mar 10 22:06:04 +0000 2018,"Two California police officers were shot, one fatally, by a gunman who was barricaded in an apartment https://t.co/PC18ZeDaig",-0.6369,0.0,0.792,0.208,77
476,nytimes,Sat Mar 10 22:00:12 +0000 2018,"Stephen Bannon, the exiled Trump adviser, is done wrecking the American establishment. His next mission? Training E‚Ä¶ https://t.co/MqLhX2OI2M",0.0,0.0,1.0,0.0,78
477,nytimes,Sat Mar 10 21:45:09 +0000 2018,"President Trump is strongly considering Christopher P. Liddell, a former executive at Microsoft and General Motors,‚Ä¶ https://t.co/3w1XRZiSTh",0.2732,0.123,0.877,0.0,79
478,nytimes,Sat Mar 10 21:34:19 +0000 2018,"RT @jackhealyNYT: This fascinating @samdolnick story makes me want to ask this guy many questions. 

Like, fair enough to ignore D.C. intri‚Ä¶",0.7269,0.33,0.584,0.086,80
479,nytimes,Sat Mar 10 21:31:17 +0000 2018,RT @nytopinion: The list the world needs now. https://t.co/YPlFLe2B4j,0.0,0.0,1.0,0.0,81
480,nytimes,Sat Mar 10 21:30:07 +0000 2018,President Trump is in discussions with a lawyer who represented Bill Clinton during the impeachment process about j‚Ä¶ https://t.co/aWitB4FliI,0.0,0.0,1.0,0.0,82
481,nytimes,Sat Mar 10 21:15:05 +0000 2018,Behind-the-scenes activity signals a deepening of the Trump-Kushner business relationship. It also poses potential‚Ä¶ https://t.co/IemVcizZ3p,0.0,0.0,1.0,0.0,83
482,nytimes,Sat Mar 10 21:00:16 +0000 2018,"In Opinion
Senior correspondent and editor Susan Chira writes, ""Many women, those who grew up wealthy and those who‚Ä¶ https://t.co/KByAgYbcr0",0.3612,0.116,0.884,0.0,84
483,nytimes,Sat Mar 10 20:45:06 +0000 2018,Midwestern farmers could become collateral damage from retaliation against American tariffs https://t.co/oE1FMsiFPD,-0.4939,0.0,0.775,0.225,85
484,nytimes,Sat Mar 10 20:30:17 +0000 2018,"Drew Houston, Dropbox‚Äôs chief executive, is set to become the next bona fide tech billionaire https://t.co/Pf0FERTf56",0.0,0.0,1.0,0.0,86
485,nytimes,Sat Mar 10 20:15:07 +0000 2018,Trump has staked his reputation as a deal maker on the presumption that he can personally achieve what no other pre‚Ä¶ https://t.co/xvzgwWZlYI,-0.296,0.0,0.901,0.099,87
486,nytimes,Sat Mar 10 20:00:09 +0000 2018,"One year ago today, the invasion of the toddlers https://t.co/Tdov9NdtSA",0.0,0.0,1.0,0.0,88
487,nytimes,Sat Mar 10 19:45:06 +0000 2018,"After a year on the job, Betsy DeVos is learning that leaving school policymaking to the states means not always ge‚Ä¶ https://t.co/3lEO7t9XH4",0.0,0.0,1.0,0.0,89
488,nytimes,Sat Mar 10 19:30:14 +0000 2018,Some British schools are encouraging riskier play to build resilience and grit https://t.co/c49lN1yiyO,0.5267,0.319,0.549,0.132,90
489,nytimes,Sat Mar 10 19:15:06 +0000 2018,"Sensing a power grab in China by President Xi Jinping, Chinese students in the U.S. are showing signs of activism f‚Ä¶ https://t.co/NkhlyGV6UJ",0.0,0.0,1.0,0.0,91
490,nytimes,Sat Mar 10 19:00:15 +0000 2018,Ida B. Wells was a 30-year-old newspaper editor living in Memphis when she began her anti-lynching campaign‚Ä¶ https://t.co/BA3cg7uVPK,0.25,0.111,0.889,0.0,92
491,nytimes,Sat Mar 10 18:45:02 +0000 2018,Man United‚Äôs 2-1 triumph at Old Trafford was the perfect Jos√© Mourinho victory: one marked by an undeniable effecti‚Ä¶ https://t.co/zXGylSVY48,0.7783,0.274,0.726,0.0,93
492,nytimes,Sat Mar 10 18:30:07 +0000 2018,"Since 1851, obituaries in The New York Times have been dominated by white men. Now, we're adding the stories of mor‚Ä¶ https://t.co/jXa3k5EjLP",0.0,0.0,1.0,0.0,94
493,nytimes,Sat Mar 10 18:15:07 +0000 2018,The cement giant Lafarge stayed in Syria when other companies left. Now it is accused of paying off ISIS militants‚Ä¶ https://t.co/LnXsqgDwCb,-0.296,0.0,0.901,0.099,95
494,nytimes,Sat Mar 10 18:00:15 +0000 2018,‚ÄúThese regulations were written with human blood.‚Äù Safety rules adopted after the Deepwater Horizon disaster are a‚Ä¶ https://t.co/KMpCc20r1U,-0.3182,0.122,0.699,0.179,96
495,nytimes,Sat Mar 10 17:50:14 +0000 2018,‚ÄúHe has the privilege of constructing a world in which very little of what he doesn‚Äôt have to deal with gets throug‚Ä¶ https://t.co/RNbZdS04KW,0.3612,0.106,0.894,0.0,97
496,nytimes,Sat Mar 10 17:45:08 +0000 2018,President Trump will convene with a group of leaders who have criticized his statements and policies on immigration https://t.co/YnZwLDUj9V,-0.3612,0.0,0.872,0.128,98
497,nytimes,Sat Mar 10 17:30:08 +0000 2018,Modern Love wants to hear about how college students handle sexual consent. Share your story. https://t.co/jrU1PE87Tg,0.8074,0.39,0.61,0.0,99
498,nytimes,Sat Mar 10 17:15:02 +0000 2018,"Mired in poverty not long ago, Ghana‚Äôs economic growth is on track to outpace India‚Äôs https://t.co/4KWVGXkPxH",-0.1779,0.131,0.704,0.166,100
